{"stats":{"minecraft:killed":{"irons_spellbooks:summoned_zombie":1,"minecraft:spider":2,"soulslikeuniverse:castleguard":1,"minecraft:skeleton":2,"minecraft:pillager":1,"minecraft:zombie":3,"minecraft:chicken":1,"minecraft:cow":1},"minecraft:mined":{"minecraft:crafting_table":1,"iter_rpg:vase":2,"minecraft:grass_block":5,"minecraft:tall_grass":12,"iter_rpg:small_vase":4,"minecraft:iron_ore":5,"treechop:chopped_log":3,"minecraft:grass":4,"minecraft:oak_log":2,"minecraft:coal_ore":7,"minecraft:dirt":19,"minecraft:stone":7,"minecraft:oak_leaves":1},"minecraft:dropped":{"minecraft:wheat_seeds":1,"minecraft:feather":1,"minecraft:cobblestone":1,"minecraft:bundle":1,"minecraft:wooden_pickaxe":1,"minecraft:string":4,"iter_rpg:potsherd":1,"minecraft:bone":1},"minecraft:killed_by":{"irons_spellbooks:necromancer":1,"minecraft:skeleton":1},"minecraft:crafted":{"minecraft:oak_planks":28,"spartanweaponry:iron_scythe":1,"spartanweaponry:pole":4,"minecraft:crafting_table":1,"minecraft:wooden_pickaxe":1,"minecraft:stone_axe":1,"minecraft:shield":1,"minecraft:stick":8,"minecraft:stone_pickaxe":1},"minecraft:used":{"epicfight:skillbook":1,"minecraft:iron_shovel":6,"minecraft:stone_pickaxe":16,"minecraft:wooden_pickaxe":17,"minecraft:golden_apple":1,"minecraft:dirt":18,"minecraft:crafting_table":2,"minecraft:oak_log":2,"soulslikeuniverse:estusflask":7,"minecraft:stone_axe":35,"minecraft:bow":2,"tombstone:gift":1,"soulslikeuniverse:dagger":78,"spartanweaponry:iron_scythe":1},"minecraft:custom":{"minecraft:mob_kills":12,"tombstone:raider_killed":2,"minecraft:interact_with_crafting_table":5,"minecraft:leave_game":1,"minecraft:time_since_death":13895,"minecraft:climb_one_cm":552,"minecraft:time_since_rest":12752,"minecraft:sprint_one_cm":113956,"minecraft:walk_one_cm":119468,"minecraft:damage_taken":934,"minecraft:damage_absorbed":40,"minecraft:drop":8,"minecraft:damage_dealt":2494,"minecraft:damage_dealt_absorbed":24,"minecraft:fly_one_cm":150109,"minecraft:crouch_one_cm":5813,"minecraft:play_time":30607,"tombstone:undead_killed":7,"minecraft:deaths":2,"minecraft:sneak_time":1387,"minecraft:jump":575,"minecraft:total_world_time":30607,"minecraft:fall_one_cm":12782},"minecraft:picked_up":{"minecraft:birch_log":2,"minecraft:crafting_table":1,"minecraft:feather":1,"soulslikeuniverse:steelguard_chestplate":1,"minecraft:chicken":1,"minecraft:leather":2,"minecraft:oak_log":41,"minecraft:string":4,"minecraft:dirt":33,"minecraft:iron_shovel":2,"minecraft:bone":1,"minecraft:apple":1,"minecraft:bow":1,"minecraft:wheat_seeds":2,"iter_rpg:potsherd":1,"minecraft:beef":2,"minecraft:iron_nugget":14,"minecraft:egg":1,"minecraft:stick":11,"minecraft:raw_iron":5,"minecraft:copper_ingot":1,"tombstone:grave_dust":2,"minecraft:bundle":1,"minecraft:arrow":2,"minecraft:rotten_flesh":5,"soulslikeuniverse:estusflask":4,"minecraft:golden_apple":1,"minecraft:gold_ingot":1,"minecraft:oak_sapling":19,"minecraft:coal":7,"minecraft:cobblestone":7}},"DataVersion":3120}