{"stats":{"minecraft:killed":{"iter_rpg:air_elemental":1,"irons_spellbooks:summoned_zombie":1,"minecraft:witch":1,"minecraft:spider":3,"irons_spellbooks:summoned_polar_bear":1,"minecraft:skeleton":3,"minecraft:chicken":1,"soulslikeuniverse:hollowsoldiersword":1,"soulslikeuniverse:monsterhollow":2,"majruszsdifficulty:cursed_armor":1,"minecraft:creeper":1,"soulslikeuniverse:castleguard":1,"minecraft:pillager":1,"minecraft:zombie":4,"soulslikeuniverse:monstergodricksoldier":1,"soulslikeuniverse:badomengiant":1,"soulslikeuniverse:armedhollow":1,"minecraft:cow":11},"minecraft:mined":{"minecraft:dark_oak_planks":2,"minecraft:deepslate_tiles":4,"minecraft:grass_block":8,"minecraft:redstone_wire":1,"minecraft:hay_block":25,"minecraft:furnace":3,"iter_rpg:small_vase":4,"minecraft:iron_ore":5,"minecraft:snow":4,"treechop:chopped_log":3,"minecraft:stone":7,"minecraft:glass_pane":1,"minecraft:brown_carpet":9,"minecraft:stone_brick_slab":1,"minecraft:crafting_table":7,"iter_rpg:vase":2,"minecraft:tall_grass":15,"minecraft:oak_planks":1,"valhelsia_structures:bone_pile":1,"minecraft:birch_leaves":1,"minecraft:black_bed":1,"minecraft:grass":12,"minecraft:coal_ore":9,"minecraft:oak_log":2,"minecraft:dirt":19,"minecraft:cracked_stone_bricks":1,"minecraft:stone_bricks":2,"minecraft:mossy_stone_bricks":1,"minecraft:oak_leaves":1,"minecraft:infested_stone":1},"minecraft:dropped":{"minecraft:enchanted_book":1,"minecraft:wheat_seeds":4,"minecraft:feather":1,"minecraft:cobblestone":1,"minecraft:lead":1,"minecraft:copper_ingot":1,"minecraft:yellow_carpet":1,"tombstone:grave_dust":8,"soulslikeuniverse:hollowsoul":1,"minecraft:writable_book":1,"spartanweaponry:spider_head":1,"soulslikeuniverse:steelguard_chestplate":2,"minecraft:iron_shovel":1,"minecraft:dark_oak_planks":6,"minecraft:string":6,"iter_rpg:potsherd":1,"minecraft:stone_brick_slab":1,"minecraft:bone":1,"minecraft:iron_nugget":10,"soulslikeuniverse:repairstone":1,"soulslikeuniverse:dagger":1,"minecraft:soul_lantern":1,"minecraft:chicken":1,"minecraft:rotten_flesh":7,"minecraft:ender_eye":1,"minecraft:deepslate_tiles":4,"minecraft:bundle":1,"minecraft:oak_sapling":19,"minecraft:stone_bricks":1,"minecraft:spider_eye":1,"minecraft:arrow":1,"minecraft:beef":2,"minecraft:stone_pickaxe":1,"minecraft:wooden_pickaxe":1,"soulslikeuniverse:giantsoul":2,"minecraft:egg":2},"minecraft:killed_by":{"irons_spellbooks:cryomancer":2,"irons_spellbooks:necromancer":1,"minecraft:skeleton":1},"minecraft:crafted":{"minecraft:oak_planks":92,"spartanweaponry:iron_scythe":1,"minecraft:iron_boots":1,"minecraft:stone_pickaxe":1,"minecraft:wheat":218,"minecraft:cooked_beef":2,"spartanweaponry:pole":4,"minecraft:crafting_table":1,"minecraft:wooden_pickaxe":1,"minecraft:bucket":1,"minecraft:stone_axe":1,"minecraft:bread":75,"minecraft:air":0,"minecraft:shield":1,"minecraft:stick":8,"minecraft:iron_ingot":6,"minecraft:iron_pickaxe":1,"minecraft:iron_shovel":1},"minecraft:used":{"minecraft:iron_shovel":10,"minecraft:shield":23,"minecraft:dirt":23,"soulslikeuniverse:estusflask":7,"minecraft:iron_boots":1,"minecraft:bow":2,"minecraft:furnace":1,"tombstone:gift":3,"minecraft:cooked_beef":2,"epicfight:skillbook":1,"minecraft:stone_pickaxe":17,"minecraft:oak_planks":21,"minecraft:wooden_pickaxe":17,"minecraft:ender_pearl":1,"minecraft:golden_apple":1,"minecraft:crafting_table":7,"minecraft:black_bed":1,"minecraft:oak_log":2,"minecraft:apple":1,"minecraft:bread":25,"minecraft:iron_pickaxe":25,"tombstone:magic_scroll":1,"minecraft:stone_axe":47,"minecraft:potion":1,"minecraft:bucket":1,"soulslikeuniverse:dagger":78,"spartanweaponry:iron_scythe":98},"minecraft:custom":{"minecraft:mob_kills":37,"minecraft:interact_with_anvil":1,"minecraft:interact_with_crafting_table":15,"minecraft:open_barrel":23,"minecraft:leave_game":1,"minecraft:time_since_death":17306,"minecraft:climb_one_cm":9455,"minecraft:sprint_one_cm":262882,"minecraft:walk_one_cm":362042,"minecraft:damage_blocked_by_shield":721,"minecraft:drop":47,"minecraft:damage_dealt_absorbed":24,"minecraft:play_time":66607,"minecraft:deaths":4,"minecraft:sneak_time":3122,"minecraft:walk_under_water_one_cm":904,"minecraft:interact_with_lectern":1,"minecraft:jump":1504,"minecraft:walk_on_water_one_cm":395,"minecraft:total_world_time":66607,"minecraft:interact_with_furnace":11,"tombstone:raider_killed":3,"minecraft:tune_noteblock":16,"minecraft:sleep_in_bed":1,"minecraft:time_since_rest":16954,"minecraft:damage_taken":2762,"minecraft:damage_absorbed":40,"minecraft:damage_dealt":6739,"minecraft:swim_one_cm":6109,"minecraft:fly_one_cm":410541,"minecraft:open_chest":11,"minecraft:crouch_one_cm":15706,"tombstone:undead_killed":14,"minecraft:fall_one_cm":38275},"minecraft:picked_up":{"minecraft:crafting_table":7,"minecraft:wheat":7,"minecraft:chicken":1,"minecraft:lead":1,"minecraft:string":6,"minecraft:iron_shovel":3,"minecraft:deepslate_tiles":4,"soulslikeuniverse:hollowsoul":6,"minecraft:beef":19,"minecraft:iron_nugget":19,"minecraft:egg":2,"minecraft:furnace":4,"minecraft:raw_iron":5,"minecraft:stick":11,"minecraft:copper_ingot":1,"tombstone:grave_dust":8,"spartanweaponry:spider_head":1,"minecraft:dark_oak_planks":6,"minecraft:arrow":3,"minecraft:rotten_flesh":7,"soulslikeuniverse:estusflask":6,"minecraft:hay_block":25,"minecraft:gold_ingot":1,"soulslikeuniverse:repairstone":1,"minecraft:cobblestone":7,"minecraft:birch_log":2,"soulslikeuniverse:steelguard_chestplate":2,"minecraft:feather":1,"minecraft:black_bed":1,"minecraft:leather":13,"minecraft:oak_log":41,"iter_rpg:cloud_block":2,"minecraft:dirt":35,"soulslikeuniverse:giantsoul":2,"minecraft:bone":1,"minecraft:apple":1,"minecraft:stone_bricks":1,"minecraft:bow":1,"minecraft:wheat_seeds":4,"iter_rpg:potsherd":1,"minecraft:oak_planks":1,"soulslikeuniverse:rustysteel_chestplate":1,"minecraft:stone_brick_slab":1,"minecraft:spider_eye":2,"minecraft:bundle":1,"minecraft:yellow_carpet":1,"minecraft:golden_apple":1,"tombstone:magic_scroll":1,"minecraft:oak_sapling":19,"minecraft:coal":8}},"DataVersion":3120}