{"stats":{"minecraft:killed":{"minecraft:sheep":3,"minecraft:skeleton":1,"minecraft:cow":5},"minecraft:custom":{"minecraft:time_since_rest":6561,"minecraft:open_chest":5,"minecraft:crouch_one_cm":9,"minecraft:play_time":6561,"minecraft:sprint_one_cm":9706,"minecraft:walk_one_cm":31502,"tombstone:undead_killed":1,"minecraft:sneak_time":6,"minecraft:mob_kills":9,"minecraft:jump":63,"minecraft:damage_dealt":952,"minecraft:leave_game":1,"minecraft:time_since_death":6561,"minecraft:climb_one_cm":32,"minecraft:total_world_time":6561,"minecraft:damage_dealt_absorbed":47,"minecraft:fly_one_cm":124213},"minecraft:picked_up":{"minecraft:arrow":1,"minecraft:bone":2,"soulslikeuniverse:estusflask":2,"minecraft:leather":6,"minecraft:bow":1,"minecraft:beef":11,"minecraft:mutton":5,"minecraft:white_wool":2},"minecraft:used":{"minecraft:netherite_sword":11,"soulslikeuniverse:dagger":9}},"DataVersion":3120}