{"stats":{"minecraft:used":{"minecraft:netherite_sword":1},"minecraft:custom":{"minecraft:jump":949,"minecraft:time_since_rest":788,"minecraft:damage_dealt":70,"minecraft:leave_game":9,"minecraft:time_since_death":763,"minecraft:play_time":82443,"minecraft:sprint_one_cm":53692,"minecraft:walk_one_cm":24340,"minecraft:walk_on_water_one_cm":116,"minecraft:deaths":3,"minecraft:total_world_time":82443,"minecraft:mob_kills":1,"minecraft:fly_one_cm":480113},"minecraft:picked_up":{"minecraft:arrow":3,"minecraft:rotten_flesh":1,"minecraft:mutton":1,"minecraft:wheat_seeds":1,"minecraft:white_wool":1},"minecraft:killed":{"minecraft:sheep":1}},"DataVersion":3120}