{"stats":{"minecraft:killed":{"irons_spellbooks:summoned_zombie":1,"minecraft:spider":2,"soulslikeuniverse:castleguard":1,"minecraft:skeleton":2,"minecraft:pillager":1,"minecraft:zombie":4,"minecraft:chicken":1,"minecraft:cow":1},"minecraft:mined":{"minecraft:dark_oak_planks":1,"minecraft:deepslate_tiles":4,"minecraft:crafting_table":4,"iter_rpg:vase":2,"minecraft:grass_block":5,"minecraft:redstone_wire":1,"minecraft:tall_grass":12,"minecraft:oak_planks":1,"minecraft:furnace":2,"iter_rpg:small_vase":4,"minecraft:iron_ore":5,"minecraft:snow":4,"minecraft:black_bed":1,"treechop:chopped_log":3,"minecraft:grass":8,"minecraft:oak_log":2,"minecraft:coal_ore":9,"minecraft:dirt":19,"minecraft:stone":7,"minecraft:oak_leaves":1},"minecraft:dropped":{"minecraft:wheat_seeds":4,"soulslikeuniverse:dagger":1,"minecraft:soul_lantern":1,"minecraft:feather":1,"minecraft:cobblestone":1,"minecraft:rotten_flesh":7,"minecraft:ender_eye":1,"minecraft:copper_ingot":1,"minecraft:bundle":1,"minecraft:oak_sapling":19,"tombstone:grave_dust":4,"minecraft:stone_pickaxe":1,"minecraft:wooden_pickaxe":1,"minecraft:iron_shovel":1,"minecraft:string":4,"iter_rpg:potsherd":1,"minecraft:bone":1,"minecraft:egg":2},"minecraft:killed_by":{"irons_spellbooks:necromancer":1,"minecraft:skeleton":1},"minecraft:crafted":{"minecraft:cooked_beef":2,"minecraft:oak_planks":28,"spartanweaponry:iron_scythe":1,"spartanweaponry:pole":4,"minecraft:crafting_table":1,"minecraft:wooden_pickaxe":1,"minecraft:bucket":1,"minecraft:stone_axe":1,"minecraft:air":0,"minecraft:iron_boots":1,"minecraft:shield":1,"minecraft:stick":8,"minecraft:iron_ingot":5,"minecraft:iron_pickaxe":1,"minecraft:stone_pickaxe":1,"minecraft:iron_shovel":1},"minecraft:used":{"epicfight:skillbook":1,"minecraft:iron_shovel":10,"minecraft:oak_planks":7,"minecraft:stone_pickaxe":17,"minecraft:ender_pearl":1,"minecraft:wooden_pickaxe":17,"minecraft:golden_apple":1,"minecraft:dirt":21,"minecraft:crafting_table":4,"minecraft:oak_log":2,"minecraft:apple":1,"minecraft:iron_pickaxe":7,"minecraft:iron_boots":1,"soulslikeuniverse:estusflask":7,"minecraft:stone_axe":40,"minecraft:bow":2,"minecraft:furnace":1,"tombstone:gift":1,"minecraft:cooked_beef":2,"soulslikeuniverse:dagger":78,"spartanweaponry:iron_scythe":6},"minecraft:custom":{"minecraft:interact_with_furnace":10,"minecraft:mob_kills":14,"tombstone:raider_killed":2,"minecraft:tune_noteblock":16,"minecraft:interact_with_crafting_table":9,"minecraft:open_barrel":1,"minecraft:leave_game":1,"minecraft:time_since_death":25895,"minecraft:sleep_in_bed":1,"minecraft:climb_one_cm":7017,"minecraft:time_since_rest":8693,"minecraft:sprint_one_cm":143967,"minecraft:walk_one_cm":227622,"minecraft:damage_taken":1144,"minecraft:damage_absorbed":40,"minecraft:drop":22,"minecraft:damage_dealt":2710,"minecraft:damage_dealt_absorbed":24,"minecraft:fly_one_cm":180333,"minecraft:open_chest":3,"minecraft:crouch_one_cm":11778,"minecraft:play_time":42607,"tombstone:undead_killed":8,"minecraft:deaths":2,"minecraft:sneak_time":2274,"minecraft:jump":721,"minecraft:total_world_time":42607,"minecraft:fall_one_cm":17744},"minecraft:picked_up":{"minecraft:birch_log":2,"minecraft:crafting_table":4,"minecraft:feather":1,"soulslikeuniverse:steelguard_chestplate":1,"minecraft:chicken":1,"minecraft:black_bed":1,"minecraft:leather":2,"minecraft:oak_log":41,"minecraft:string":4,"minecraft:dirt":33,"minecraft:iron_shovel":3,"minecraft:bone":1,"minecraft:apple":1,"minecraft:deepslate_tiles":4,"minecraft:bow":1,"minecraft:wheat_seeds":4,"iter_rpg:potsherd":1,"minecraft:beef":2,"minecraft:iron_nugget":14,"minecraft:oak_planks":1,"minecraft:furnace":2,"minecraft:egg":2,"minecraft:stick":11,"minecraft:raw_iron":5,"minecraft:copper_ingot":1,"tombstone:grave_dust":7,"minecraft:dark_oak_planks":1,"minecraft:bundle":1,"minecraft:arrow":2,"minecraft:rotten_flesh":7,"soulslikeuniverse:estusflask":4,"minecraft:golden_apple":1,"minecraft:gold_ingot":1,"minecraft:oak_sapling":19,"minecraft:coal":8,"minecraft:cobblestone":7}},"DataVersion":3120}