{"stats":{"minecraft:used":{"wom:agony":11,"wom:satsujin":7,"soulslikeuniverse:bloodspelllongsword":9,"wom:ender_blaster":39,"minecraft:netherite_sword":17,"soulslikeuniverse:lightningspellsword":32,"soulslikeuniverse:longsword":16,"soulslikeuniverse:estusflask":1,"wom:ruine":10,"soulslikeuniverse:dragonslayeraxe":6,"wom:antitheus":4,"wom:golden_staff":6,"soulslikeuniverse:godricksoldier_chestplate":1,"wom:moonless":4,"soulslikeuniverse:radahnlightningsword":5},"minecraft:custom":{"minecraft:time_since_rest":16276,"minecraft:sprint_one_cm":117828,"minecraft:walk_one_cm":85278,"minecraft:mob_kills":33,"minecraft:drop":1,"minecraft:damage_dealt":6772,"minecraft:damage_dealt_absorbed":698,"minecraft:swim_one_cm":3961,"minecraft:fly_one_cm":1038065,"minecraft:crouch_one_cm":12,"minecraft:play_time":97931,"minecraft:deaths":3,"minecraft:sneak_time":4,"minecraft:walk_under_water_one_cm":1708,"minecraft:jump":1424,"minecraft:leave_game":10,"minecraft:time_since_death":16251,"minecraft:walk_on_water_one_cm":118,"minecraft:total_world_time":97931},"minecraft:picked_up":{"soulslikeuniverse:godricksoldier_chestplate":2,"epicfight:stone_greatsword":1,"minecraft:leather":3,"minecraft:porkchop":2,"minecraft:gunpowder":4,"minecraft:bone":6,"minecraft:arrow":8,"minecraft:rotten_flesh":2,"soulslikeuniverse:estusflask":6,"minecraft:wheat_seeds":1,"soulslikeuniverse:hollowsoul":3,"minecraft:rabbit_hide":1,"minecraft:iron_ingot":4,"soulslikeuniverse:knightsoul":2,"soulslikeuniverse:repairstone":4,"minecraft:mutton":7,"soulslikeuniverse:longsword":1,"minecraft:white_wool":4},"minecraft:killed":{"minecraft:sheep":5,"minecraft:skeleton":4,"soulslikeuniverse:monstergodrickknight":3,"minecraft:zombie":4,"soulslikeuniverse:hollowsoldier":1,"minecraft:pig":1,"soulslikeuniverse:monstergodricksoldier":3,"minecraft:iron_golem":1,"soulslikeuniverse:hollowsoldiersword":1,"minecraft:rabbit":1,"minecraft:spider":3,"soulslikeuniverse:monsterhollow":1,"soulslikeuniverse:twistedsouls":1,"minecraft:villager":1,"minecraft:creeper":3},"minecraft:dropped":{"wom:gesetz":1}},"DataVersion":3120}