{"stats":{"minecraft:picked_up":{"minecraft:wheat_seeds":3,"minecraft:dirt":11},"minecraft:used":{"minecraft:dirt":10},"minecraft:mined":{"minecraft:large_fern":13,"minecraft:grass_block":7,"minecraft:dirt":4,"minecraft:spruce_leaves":1,"minecraft:fern":9},"minecraft:custom":{"minecraft:time_since_rest":10144,"minecraft:crouch_one_cm":49,"minecraft:play_time":10144,"minecraft:sprint_one_cm":6693,"minecraft:damage_taken":40,"minecraft:walk_one_cm":12648,"minecraft:sneak_time":78,"minecraft:walk_under_water_one_cm":1182,"minecraft:drop":1,"minecraft:jump":114,"minecraft:leave_game":1,"minecraft:time_since_death":10144,"minecraft:walk_on_water_one_cm":325,"minecraft:total_world_time":10144,"minecraft:swim_one_cm":1494,"minecraft:fall_one_cm":1384,"minecraft:fly_one_cm":93086},"minecraft:dropped":{"minecraft:wheat_seeds":1}},"DataVersion":3120}