{"stats":{"minecraft:killed":{"irons_spellbooks:summoned_zombie":1,"minecraft:spider":3,"irons_spellbooks:summoned_polar_bear":1,"soulslikeuniverse:castleguard":1,"minecraft:skeleton":3,"minecraft:pillager":1,"minecraft:zombie":4,"minecraft:chicken":1,"minecraft:cow":1},"minecraft:mined":{"minecraft:dark_oak_planks":2,"minecraft:deepslate_tiles":4,"minecraft:stone_brick_slab":1,"minecraft:crafting_table":5,"iter_rpg:vase":2,"minecraft:grass_block":7,"minecraft:redstone_wire":1,"minecraft:tall_grass":12,"minecraft:oak_planks":1,"minecraft:hay_block":7,"minecraft:furnace":2,"iter_rpg:small_vase":4,"minecraft:iron_ore":5,"minecraft:snow":4,"minecraft:black_bed":1,"treechop:chopped_log":3,"minecraft:grass":9,"minecraft:oak_log":2,"minecraft:coal_ore":9,"minecraft:dirt":19,"minecraft:cracked_stone_bricks":1,"minecraft:stone_bricks":1,"minecraft:stone":7,"minecraft:oak_leaves":1},"minecraft:dropped":{"minecraft:wheat_seeds":4,"soulslikeuniverse:repairstone":1,"soulslikeuniverse:dagger":1,"minecraft:soul_lantern":1,"minecraft:chicken":1,"minecraft:feather":1,"minecraft:cobblestone":1,"minecraft:rotten_flesh":7,"minecraft:ender_eye":1,"minecraft:copper_ingot":1,"minecraft:yellow_carpet":1,"minecraft:deepslate_tiles":4,"minecraft:bundle":1,"spartanweaponry:spider_head":1,"minecraft:spider_eye":1,"minecraft:oak_sapling":19,"minecraft:stone_bricks":1,"soulslikeuniverse:hollowsoul":1,"tombstone:grave_dust":8,"minecraft:writable_book":1,"minecraft:arrow":1,"minecraft:stone_pickaxe":1,"minecraft:wooden_pickaxe":1,"minecraft:iron_shovel":1,"minecraft:string":6,"minecraft:stone_brick_slab":1,"iter_rpg:potsherd":1,"minecraft:bone":1,"minecraft:egg":2},"minecraft:killed_by":{"irons_spellbooks:cryomancer":2,"irons_spellbooks:necromancer":1,"minecraft:skeleton":1},"minecraft:crafted":{"minecraft:cooked_beef":2,"minecraft:oak_planks":92,"spartanweaponry:iron_scythe":1,"spartanweaponry:pole":4,"minecraft:crafting_table":1,"minecraft:wooden_pickaxe":1,"minecraft:bucket":1,"minecraft:stone_axe":1,"minecraft:bread":21,"minecraft:air":0,"minecraft:iron_boots":1,"minecraft:shield":1,"minecraft:stick":8,"minecraft:iron_ingot":5,"minecraft:iron_pickaxe":1,"minecraft:stone_pickaxe":1,"minecraft:iron_shovel":1,"minecraft:wheat":63},"minecraft:used":{"epicfight:skillbook":1,"minecraft:iron_shovel":10,"minecraft:oak_planks":9,"minecraft:stone_pickaxe":17,"minecraft:shield":18,"minecraft:ender_pearl":1,"minecraft:wooden_pickaxe":17,"minecraft:golden_apple":1,"minecraft:dirt":23,"minecraft:crafting_table":5,"minecraft:black_bed":1,"minecraft:oak_log":2,"minecraft:apple":1,"minecraft:bread":9,"minecraft:iron_pickaxe":10,"minecraft:iron_boots":1,"soulslikeuniverse:estusflask":7,"minecraft:stone_axe":45,"minecraft:potion":1,"minecraft:bow":2,"minecraft:furnace":1,"tombstone:gift":1,"minecraft:cooked_beef":2,"soulslikeuniverse:dagger":78,"spartanweaponry:iron_scythe":30},"minecraft:custom":{"minecraft:interact_with_furnace":10,"minecraft:interact_with_anvil":1,"minecraft:mob_kills":17,"tombstone:raider_killed":2,"minecraft:tune_noteblock":16,"minecraft:interact_with_crafting_table":10,"minecraft:open_barrel":23,"minecraft:leave_game":1,"minecraft:time_since_death":5306,"minecraft:sleep_in_bed":1,"minecraft:climb_one_cm":9455,"minecraft:time_since_rest":4954,"minecraft:sprint_one_cm":190369,"minecraft:walk_one_cm":315616,"minecraft:damage_taken":2070,"minecraft:damage_absorbed":40,"minecraft:damage_blocked_by_shield":466,"minecraft:drop":35,"minecraft:damage_dealt":3671,"minecraft:damage_dealt_absorbed":24,"minecraft:fly_one_cm":285774,"minecraft:open_chest":8,"minecraft:crouch_one_cm":12977,"minecraft:play_time":54607,"tombstone:undead_killed":9,"minecraft:deaths":4,"minecraft:sneak_time":2433,"minecraft:interact_with_lectern":1,"minecraft:jump":1003,"minecraft:total_world_time":54607,"minecraft:fall_one_cm":23597},"minecraft:picked_up":{"minecraft:birch_log":2,"minecraft:crafting_table":5,"minecraft:feather":1,"soulslikeuniverse:steelguard_chestplate":1,"minecraft:chicken":1,"minecraft:black_bed":1,"minecraft:leather":2,"minecraft:oak_log":41,"minecraft:string":6,"minecraft:dirt":35,"minecraft:iron_shovel":3,"minecraft:bone":1,"minecraft:apple":1,"minecraft:stone_bricks":1,"soulslikeuniverse:hollowsoul":2,"minecraft:deepslate_tiles":4,"minecraft:bow":1,"minecraft:wheat_seeds":4,"iter_rpg:potsherd":1,"minecraft:beef":2,"minecraft:iron_nugget":14,"minecraft:oak_planks":1,"minecraft:furnace":3,"minecraft:egg":2,"minecraft:stick":11,"minecraft:raw_iron":5,"minecraft:copper_ingot":1,"minecraft:stone_brick_slab":1,"spartanweaponry:spider_head":1,"tombstone:grave_dust":8,"minecraft:spider_eye":1,"minecraft:dark_oak_planks":2,"minecraft:bundle":1,"minecraft:arrow":3,"minecraft:yellow_carpet":1,"minecraft:rotten_flesh":7,"soulslikeuniverse:estusflask":4,"minecraft:hay_block":7,"minecraft:golden_apple":1,"minecraft:gold_ingot":1,"soulslikeuniverse:repairstone":1,"minecraft:oak_sapling":19,"minecraft:coal":8,"minecraft:cobblestone":7}},"DataVersion":3120}