{"stats":{"minecraft:killed":{"minecraft:skeleton":2,"minecraft:zombie":3,"irons_spellbooks:summoned_zombie":1,"minecraft:spider":2},"minecraft:mined":{"iter_rpg:small_vase":4,"treechop:chopped_log":2,"minecraft:crafting_table":1,"minecraft:coal_ore":5,"minecraft:oak_log":2,"minecraft:grass":2,"minecraft:grass_block":5,"iter_rpg:vase":2,"minecraft:dirt":14,"minecraft:tall_grass":12,"minecraft:stone":6},"minecraft:dropped":{"minecraft:bundle":1},"minecraft:killed_by":{"irons_spellbooks:necromancer":1,"minecraft:skeleton":1},"minecraft:crafted":{"minecraft:oak_planks":12,"minecraft:crafting_table":1,"minecraft:stick":8,"minecraft:wooden_pickaxe":1,"minecraft:stone_pickaxe":1,"minecraft:stone_axe":1},"minecraft:used":{"epicfight:skillbook":1,"minecraft:iron_shovel":4,"minecraft:stone_pickaxe":8,"minecraft:wooden_pickaxe":17,"soulslikeuniverse:estusflask":4,"minecraft:stone_axe":8,"minecraft:golden_apple":1,"minecraft:dirt":4,"minecraft:crafting_table":1,"tombstone:gift":1,"soulslikeuniverse:dagger":75},"minecraft:custom":{"minecraft:time_since_rest":752,"minecraft:damage_absorbed":40,"minecraft:sprint_one_cm":66677,"minecraft:damage_taken":770,"minecraft:walk_one_cm":78539,"minecraft:mob_kills":8,"minecraft:drop":1,"minecraft:damage_dealt":2108,"minecraft:damage_dealt_absorbed":24,"minecraft:interact_with_crafting_table":3,"minecraft:fly_one_cm":85461,"minecraft:crouch_one_cm":1513,"minecraft:play_time":18607,"tombstone:undead_killed":6,"minecraft:deaths":2,"minecraft:sneak_time":164,"minecraft:jump":351,"minecraft:leave_game":1,"minecraft:time_since_death":1895,"minecraft:total_world_time":18607,"minecraft:climb_one_cm":552,"minecraft:fall_one_cm":5926},"minecraft:picked_up":{"minecraft:birch_log":2,"minecraft:crafting_table":1,"minecraft:copper_ingot":1,"minecraft:oak_log":9,"tombstone:grave_dust":2,"minecraft:dirt":28,"minecraft:string":4,"minecraft:iron_shovel":2,"minecraft:bundle":1,"minecraft:arrow":2,"minecraft:bone":1,"minecraft:rotten_flesh":5,"soulslikeuniverse:estusflask":4,"minecraft:bow":1,"minecraft:wheat_seeds":1,"iter_rpg:potsherd":1,"minecraft:golden_apple":1,"minecraft:gold_ingot":1,"minecraft:iron_nugget":14,"minecraft:oak_sapling":1,"minecraft:coal":5,"minecraft:cobblestone":6}},"DataVersion":3120}