{"stats":{"minecraft:dropped":{"minecraft:leather":1,"minecraft:beef":2},"minecraft:killed":{"minecraft:cow":1},"minecraft:used":{"minecraft:dirt":73,"minecraft:snow":2,"minecraft:grass_block":25,"minecraft:stone":3},"minecraft:picked_up":{"minecraft:bone":2,"minecraft:arrow":1,"minecraft:leather":2,"minecraft:wheat_seeds":7,"minecraft:dandelion":2,"minecraft:beef":4,"minecraft:cornflower":2},"minecraft:custom":{"minecraft:time_since_rest":16974,"minecraft:crouch_one_cm":691,"minecraft:damage_taken":10,"minecraft:play_time":38740,"minecraft:sprint_one_cm":19054,"minecraft:deaths":1,"minecraft:walk_one_cm":23591,"minecraft:sneak_time":304,"minecraft:mob_kills":2,"minecraft:drop":2,"minecraft:jump":170,"minecraft:damage_dealt":123,"minecraft:leave_game":2,"minecraft:time_since_death":16954,"minecraft:total_world_time":38740,"minecraft:talked_to_villager":7,"minecraft:fall_one_cm":934,"minecraft:fly_one_cm":208363}},"DataVersion":3120}