{"stats":{"minecraft:killed":{"minecraft:sheep":1},"minecraft:custom":{"minecraft:jump":876,"minecraft:time_since_rest":49239,"minecraft:damage_dealt":70,"minecraft:walk_on_water_one_cm":116,"minecraft:leave_game":9,"minecraft:play_time":80489,"minecraft:sprint_one_cm":44381,"minecraft:walk_one_cm":19615,"minecraft:time_since_death":49212,"minecraft:deaths":2,"minecraft:total_world_time":80489,"minecraft:mob_kills":1,"minecraft:fly_one_cm":444922},"minecraft:picked_up":{"minecraft:arrow":3,"minecraft:rotten_flesh":1,"minecraft:mutton":1,"minecraft:wheat_seeds":1,"minecraft:white_wool":1},"minecraft:used":{"minecraft:netherite_sword":1}},"DataVersion":3120}