{"stats":{"minecraft:used":{"minecraft:dirt":163,"minecraft:stone":17},"minecraft:picked_up":{"minecraft:poppy":1,"minecraft:wheat_seeds":8},"minecraft:custom":{"minecraft:jump":27,"minecraft:open_chest":1,"minecraft:time_since_rest":6000,"minecraft:damage_dealt":10,"minecraft:crouch_one_cm":300,"minecraft:sprint_one_cm":6115,"minecraft:play_time":6000,"minecraft:time_since_death":6000,"minecraft:walk_one_cm":6810,"minecraft:sneak_time":118,"minecraft:total_world_time":6000,"minecraft:fall_one_cm":894,"minecraft:fly_one_cm":146994}},"DataVersion":3120}