{"stats":{"minecraft:killed":{"minecraft:horse":2,"minecraft:sheep":1},"minecraft:picked_up":{"minecraft:leather":3,"minecraft:mutton":2,"minecraft:white_wool":1},"minecraft:used":{"epicfight:skillbook":1,"soulslikeuniverse:dagger":20},"minecraft:custom":{"minecraft:jump":40,"minecraft:time_since_rest":3982,"minecraft:damage_dealt":683,"minecraft:crouch_one_cm":119,"minecraft:sprint_one_cm":24802,"minecraft:play_time":3982,"minecraft:time_since_death":3982,"minecraft:walk_one_cm":7163,"minecraft:sneak_time":4,"minecraft:total_world_time":3982,"minecraft:mob_kills":3,"minecraft:damage_dealt_absorbed":94,"minecraft:fall_one_cm":685,"minecraft:fly_one_cm":24130}},"DataVersion":3120}