{
  "minecraft:recipes/food/cooked_mutton_from_campfire_cooking": {
    "criteria": {
      "has_mutton": "2024-10-02 04:19:14 +0000"
    },
    "done": true
  },
  "minecraft:recipes/building_blocks/purple_wool": {
    "criteria": {
      "has_white_wool": "2024-10-02 04:19:14 +0000"
    },
    "done": true
  },
  "valhelsia_furniture:recipes/valhelsia_furniture/white_fabric_desk_lamp": {
    "criteria": {
      "has_white_wool": "2024-10-02 04:19:14 +0000"
    },
    "done": true
  },
  "incendium:technical/on_block": {
    "criteria": {
      "log_spam_fixer": "2024-10-02 04:19:16 +0000"
    },
    "done": false
  },
  "valhelsia_furniture:recipes/valhelsia_furniture/white_upholstered_oak_chair": {
    "criteria": {
      "has_white_wool": "2024-10-02 04:19:14 +0000"
    },
    "done": true
  },
  "minecraft:recipes/building_blocks/lime_wool": {
    "criteria": {
      "has_white_wool": "2024-10-02 04:19:14 +0000"
    },
    "done": true
  },
  "valhelsia_structures:recipes/valhelsia_structures_main/white_sleeping_bag": {
    "criteria": {
      "has_white_wool": "2024-10-02 04:19:14 +0000"
    },
    "done": true
  },
  "valhelsia_furniture:recipes/valhelsia_furniture/white_upholstered_crimson_chair": {
    "criteria": {
      "has_white_wool": "2024-10-02 04:19:14 +0000"
    },
    "done": true
  },
  "valhelsia_furniture:recipes/valhelsia_furniture/white_upholstered_acacia_stool": {
    "criteria": {
      "has_white_wool": "2024-10-02 04:19:14 +0000"
    },
    "done": true
  },
  "valhelsia_furniture:recipes/valhelsia_furniture/white_jungle_chair": {
    "criteria": {
      "has_white_wool": "2024-10-02 04:19:14 +0000"
    },
    "done": true
  },
  "minecraft:recipes/building_blocks/black_wool": {
    "criteria": {
      "has_white_wool": "2024-10-02 04:19:14 +0000"
    },
    "done": true
  },
  "minecraft:recipes/decorations/white_bed": {
    "criteria": {
      "has_white_wool": "2024-10-02 04:19:14 +0000"
    },
    "done": true
  },
  "minecraft:recipes/building_blocks/green_wool": {
    "criteria": {
      "has_white_wool": "2024-10-02 04:19:14 +0000"
    },
    "done": true
  },
  "majruszsdifficulty:progressive_difficulty/bleeding_inflicted": {
    "criteria": {
      "bleeding_applied": "2024-10-02 04:19:16 +0000"
    },
    "done": true
  },
  "minecraft:recipes/combat/leather_helmet": {
    "criteria": {
      "has_leather": "2024-10-02 04:16:04 +0000"
    },
    "done": true
  },
  "minecraft:recipes/building_blocks/brown_wool": {
    "criteria": {
      "has_white_wool": "2024-10-02 04:19:14 +0000"
    },
    "done": true
  },
  "minecraft:recipes/building_blocks/magenta_wool": {
    "criteria": {
      "has_white_wool": "2024-10-02 04:19:14 +0000"
    },
    "done": true
  },
  "incendium:technical/inventory/sentrys_wrath": {
    "criteria": {
      "log_spam_fixer": "2024-10-02 04:19:16 +0000"
    },
    "done": false
  },
  "minecraft:recipes/decorations/painting": {
    "criteria": {
      "has_wool": "2024-10-02 04:19:14 +0000"
    },
    "done": true
  },
  "skilltree:recipes/skilltree/bone_quiver": {
    "criteria": {
      "has_bone": "2024-10-02 04:18:17 +0000"
    },
    "done": true
  },
  "valhelsia_furniture:recipes/valhelsia_furniture/white_upholstered_birch_chair": {
    "criteria": {
      "has_white_wool": "2024-10-02 04:19:14 +0000"
    },
    "done": true
  },
  "valhelsia_furniture:recipes/valhelsia_furniture/white_acacia_chair": {
    "criteria": {
      "has_white_wool": "2024-10-02 04:19:14 +0000"
    },
    "done": true
  },
  "valhelsia_furniture:recipes/valhelsia_furniture/white_upholstered_jungle_chair": {
    "criteria": {
      "has_white_wool": "2024-10-02 04:19:14 +0000"
    },
    "done": true
  },
  "minecraft:recipes/building_blocks/cyan_wool": {
    "criteria": {
      "has_white_wool": "2024-10-02 04:19:14 +0000"
    },
    "done": true
  },
  "valhelsia_furniture:recipes/valhelsia_furniture/white_upholstered_acacia_chair": {
    "criteria": {
      "has_white_wool": "2024-10-02 04:19:14 +0000"
    },
    "done": true
  },
  "valhelsia_furniture:recipes/valhelsia_furniture/white_warped_chair": {
    "criteria": {
      "has_white_wool": "2024-10-02 04:19:14 +0000"
    },
    "done": true
  },
  "skilltree:recipes/skilltree/quiver": {
    "criteria": {
      "has_leather": "2024-10-02 04:16:04 +0000"
    },
    "done": true
  },
  "valhelsia_furniture:recipes/valhelsia_furniture/white_upholstered_oak_stool": {
    "criteria": {
      "has_white_wool": "2024-10-02 04:19:14 +0000"
    },
    "done": true
  },
  "valhelsia_furniture:recipes/valhelsia_furniture/white_upholstered_crimson_stool": {
    "criteria": {
      "has_white_wool": "2024-10-02 04:19:14 +0000"
    },
    "done": true
  },
  "valhelsia_structures:recipes/valhelsia_structures_main/bone_pile": {
    "criteria": {
      "has_bone": "2024-10-02 04:18:17 +0000"
    },
    "done": true
  },
  "dungeons_arise:find_abandoned_temple": {
    "criteria": {
      "location0": "2024-10-02 04:18:07 +0000"
    },
    "done": true
  },
  "soulslikeuniverse:soulslikeuniverse": {
    "criteria": {
      "soulslikeuniverse": "2024-10-02 04:14:09 +0000"
    },
    "done": true
  },
  "minecraft:recipes/building_blocks/light_blue_wool": {
    "criteria": {
      "has_white_wool": "2024-10-02 04:19:14 +0000"
    },
    "done": true
  },
  "minecraft:recipes/redstone/dispenser": {
    "criteria": {
      "has_bow": "2024-10-02 04:18:17 +0000"
    },
    "done": true
  },
  "valhelsia_structures:recipes/valhelsia_structures_main/bone_pile_block_from_bone": {
    "criteria": {
      "has_bone": "2024-10-02 04:18:17 +0000"
    },
    "done": true
  },
  "tombstone:adventure/root": {
    "criteria": {
      "auto": "2024-10-02 04:14:10 +0000"
    },
    "done": true
  },
  "cataclysm:root": {
    "criteria": {
      "custom_test_name": "2024-10-02 04:14:10 +0000"
    },
    "done": true
  },
  "minecraft:recipes/building_blocks/gray_wool": {
    "criteria": {
      "has_white_wool": "2024-10-02 04:19:14 +0000"
    },
    "done": true
  },
  "irons_spellbooks:grant_patchouli": {
    "criteria": {
      "tick": "2024-10-02 04:14:10 +0000"
    },
    "done": true
  },
  "morevillagers:recipes/hunting_post": {
    "criteria": {
      "has_arrow": "2024-10-02 04:18:17 +0000"
    },
    "done": true
  },
  "valhelsia_furniture:recipes/valhelsia_furniture/white_upholstered_warped_chair": {
    "criteria": {
      "has_white_wool": "2024-10-02 04:19:14 +0000"
    },
    "done": true
  },
  "minecraft:recipes/misc/bone_meal": {
    "criteria": {
      "has_bone": "2024-10-02 04:18:17 +0000"
    },
    "done": true
  },
  "skilltree:recipes/skilltree/assassin_necklace": {
    "criteria": {
      "has_bone": "2024-10-02 04:18:17 +0000"
    },
    "done": true
  },
  "iter_rpg:iter_root": {
    "criteria": {
      "iter_root": "2024-10-02 04:14:09 +0000"
    },
    "done": true
  },
  "valhelsia_furniture:recipes/valhelsia_furniture/white_upholstered_mangrove_stool": {
    "criteria": {
      "has_white_wool": "2024-10-02 04:19:14 +0000"
    },
    "done": true
  },
  "minecraft:recipes/decorations/white_banner": {
    "criteria": {
      "has_white_wool": "2024-10-02 04:19:14 +0000"
    },
    "done": true
  },
  "valhelsia_furniture:recipes/valhelsia_furniture/white_upholstered_jungle_stool": {
    "criteria": {
      "has_white_wool": "2024-10-02 04:19:14 +0000"
    },
    "done": true
  },
  "sophisticatedbackpacks:recipes/sophisticatedbackpacks/upgrade_base": {
    "criteria": {
      "has_leather": "2024-10-02 04:16:04 +0000"
    },
    "done": true
  },
  "valhelsia_furniture:recipes/valhelsia_furniture/white_upholstered_spruce_stool": {
    "criteria": {
      "has_white_wool": "2024-10-02 04:19:14 +0000"
    },
    "done": true
  },
  "minecraft:recipes/building_blocks/yellow_wool": {
    "criteria": {
      "has_white_wool": "2024-10-02 04:19:14 +0000"
    },
    "done": true
  },
  "incendium:technical/using/shield": {
    "criteria": {
      "log_spam_fixer": "2024-10-02 04:14:10 +0000"
    },
    "done": false
  },
  "valhelsia_structures:recipes/valhelsia_structures_main/explorers_tent": {
    "criteria": {
      "has_leather": "2024-10-02 04:16:04 +0000"
    },
    "done": true
  },
  "minecraft:recipes/misc/leather_horse_armor": {
    "criteria": {
      "has_leather": "2024-10-02 04:16:04 +0000"
    },
    "done": true
  },
  "minecraft:recipes/combat/leather_leggings": {
    "criteria": {
      "has_leather": "2024-10-02 04:16:04 +0000"
    },
    "done": true
  },
  "betterdungeons:root": {
    "criteria": {
      "always": "2024-10-02 04:14:10 +0000"
    },
    "done": true
  },
  "sophisticatedbackpacks:recipes/sophisticatedbackpacks/backpack": {
    "criteria": {
      "has_leather": "2024-10-02 04:16:04 +0000"
    },
    "done": true
  },
  "minecraft:recipes/combat/leather_chestplate": {
    "criteria": {
      "has_leather": "2024-10-02 04:16:04 +0000"
    },
    "done": true
  },
  "incendium:technical/using/trailblazer": {
    "criteria": {
      "log_spam_fixer": "2024-10-02 04:14:10 +0000"
    },
    "done": false
  },
  "valhelsia_furniture:recipes/valhelsia_furniture/white_crimson_chair": {
    "criteria": {
      "has_white_wool": "2024-10-02 04:19:14 +0000"
    },
    "done": true
  },
  "valhelsia_furniture:recipes/valhelsia_furniture/white_upholstered_dark_oak_stool": {
    "criteria": {
      "has_white_wool": "2024-10-02 04:19:14 +0000"
    },
    "done": true
  },
  "valhelsia_furniture:recipes/valhelsia_furniture/white_spruce_chair": {
    "criteria": {
      "has_white_wool": "2024-10-02 04:19:14 +0000"
    },
    "done": true
  },
  "minecraft:adventure/kill_a_mob": {
    "criteria": {
      "minecraft:skeleton": "2024-10-02 04:18:15 +0000"
    },
    "done": true
  },
  "incendium:technical/scroll_of_returning": {
    "criteria": {
      "log_spam_fixer": "2024-10-02 04:14:10 +0000"
    },
    "done": false
  },
  "incendium:technical/multiplex_crossbow": {
    "criteria": {
      "log_spam_fixer": "2024-10-02 04:19:16 +0000"
    },
    "done": false
  },
  "minecraft:recipes/building_blocks/blue_wool": {
    "criteria": {
      "has_white_wool": "2024-10-02 04:19:14 +0000"
    },
    "done": true
  },
  "incendium:technical/firestorm": {
    "criteria": {
      "log_spam_fixer": "2024-10-02 04:19:16 +0000"
    },
    "done": false
  },
  "majruszsdifficulty:progressive_difficulty/normal_mode": {
    "criteria": {
      "game_state": "2024-10-02 04:14:09 +0000"
    },
    "done": true
  },
  "valhelsia_furniture:recipes/valhelsia_furniture/white_curtain": {
    "criteria": {
      "has_item": "2024-10-02 04:19:14 +0000"
    },
    "done": true
  },
  "minecraft:recipes/food/cooked_beef": {
    "criteria": {
      "has_beef": "2024-10-02 04:16:05 +0000"
    },
    "done": true
  },
  "morevillagers:root": {
    "criteria": {
      "always": "2024-10-02 04:14:10 +0000"
    },
    "done": true
  },
  "minecraft:adventure/adventuring_time": {
    "criteria": {
      "minecraft:old_growth_pine_taiga": "2024-10-02 04:15:24 +0000",
      "minecraft:taiga": "2024-10-02 04:15:41 +0000",
      "minecraft:dark_forest": "2024-10-02 04:14:10 +0000",
      "minecraft:river": "2024-10-02 04:15:42 +0000",
      "minecraft:old_growth_birch_forest": "2024-10-02 04:15:30 +0000"
    },
    "done": false
  },
  "minecraft:recipes/building_blocks/orange_wool": {
    "criteria": {
      "has_white_wool": "2024-10-02 04:19:14 +0000"
    },
    "done": true
  },
  "incendium:technical/using/ragnarok": {
    "criteria": {
      "log_spam_fixer": "2024-10-02 04:14:10 +0000"
    },
    "done": false
  },
  "1_splatus:unlocked/blowgun": {
    "criteria": {
      "blowgun": "2024-10-02 04:18:17 +0000"
    },
    "done": true
  },
  "valhelsia_furniture:recipes/valhelsia_furniture/white_mangrove_chair": {
    "criteria": {
      "has_white_wool": "2024-10-02 04:19:14 +0000"
    },
    "done": true
  },
  "incendium:technical/new_player": {
    "criteria": {
      "requirement": "2024-10-02 04:14:10 +0000"
    },
    "done": true
  },
  "incendium:technical/holy_wrath": {
    "criteria": {
      "log_spam_fixer": "2024-10-02 04:19:16 +0000"
    },
    "done": false
  },
  "valhelsia_furniture:recipes/valhelsia_furniture/white_upholstered_spruce_chair": {
    "criteria": {
      "has_white_wool": "2024-10-02 04:19:14 +0000"
    },
    "done": true
  },
  "incendium:technical/inventory/firestorm": {
    "criteria": {
      "log_spam_fixer": "2024-10-02 04:19:16 +0000"
    },
    "done": false
  },
  "minecraft:adventure/root": {
    "criteria": {
      "killed_something": "2024-10-02 04:16:03 +0000"
    },
    "done": true
  },
  "minecraft:recipes/combat/leather_boots": {
    "criteria": {
      "has_leather": "2024-10-02 04:16:04 +0000"
    },
    "done": true
  },
  "valhelsia_furniture:recipes/valhelsia_furniture/white_oak_chair": {
    "criteria": {
      "has_white_wool": "2024-10-02 04:19:14 +0000"
    },
    "done": true
  },
  "valhelsia_furniture:recipes/valhelsia_furniture/white_upholstered_dark_oak_chair": {
    "criteria": {
      "has_white_wool": "2024-10-02 04:19:14 +0000"
    },
    "done": true
  },
  "incendium:technical/give_ghastling": {
    "criteria": {
      "log_spam_fixer": "2024-10-02 04:19:16 +0000"
    },
    "done": false
  },
  "minecraft:recipes/decorations/item_frame": {
    "criteria": {
      "has_leather": "2024-10-02 04:16:04 +0000"
    },
    "done": true
  },
  "incendium:technical/on_kill": {
    "criteria": {
      "log_spam_fixer": "2024-10-02 04:19:16 +0000"
    },
    "done": false
  },
  "minecraft:recipes/building_blocks/pink_wool": {
    "criteria": {
      "has_white_wool": "2024-10-02 04:19:14 +0000"
    },
    "done": true
  },
  "valhelsia_furniture:recipes/valhelsia_furniture/white_dark_oak_chair": {
    "criteria": {
      "has_white_wool": "2024-10-02 04:19:14 +0000"
    },
    "done": true
  },
  "incendium:technical/on_player_hurt": {
    "criteria": {
      "log_spam_fixer": "2024-10-02 04:19:16 +0000"
    },
    "done": false
  },
  "minecraft:adventure/kill_all_mobs": {
    "criteria": {
      "minecraft:skeleton": "2024-10-02 04:18:15 +0000"
    },
    "done": false
  },
  "incendium:technical/sentrys_wrath": {
    "criteria": {
      "log_spam_fixer": "2024-10-02 04:19:16 +0000"
    },
    "done": false
  },
  "valhelsia_furniture:recipes/valhelsia_furniture/white_birch_chair": {
    "criteria": {
      "has_white_wool": "2024-10-02 04:19:14 +0000"
    },
    "done": true
  },
  "dungeons_arise:wda_root": {
    "criteria": {
      "WDA": "2024-10-02 04:14:10 +0000"
    },
    "done": true
  },
  "minecraft:recipes/food/cooked_beef_from_smoking": {
    "criteria": {
      "has_beef": "2024-10-02 04:16:05 +0000"
    },
    "done": true
  },
  "minecraft:recipes/decorations/white_carpet": {
    "criteria": {
      "has_white_wool": "2024-10-02 04:19:14 +0000"
    },
    "done": true
  },
  "valhelsia_furniture:recipes/valhelsia_furniture/white_upholstered_mangrove_chair": {
    "criteria": {
      "has_white_wool": "2024-10-02 04:19:14 +0000"
    },
    "done": true
  },
  "minecraft:recipes/food/cooked_mutton_from_smoking": {
    "criteria": {
      "has_mutton": "2024-10-02 04:19:14 +0000"
    },
    "done": true
  },
  "minecraft:recipes/food/cooked_beef_from_campfire_cooking": {
    "criteria": {
      "has_beef": "2024-10-02 04:16:05 +0000"
    },
    "done": true
  },
  "incendium:technical/feed_ghastling": {
    "criteria": {
      "log_spam_fixer": "2024-10-02 04:19:16 +0000"
    },
    "done": false
  },
  "minecraft:recipes/building_blocks/light_gray_wool": {
    "criteria": {
      "has_white_wool": "2024-10-02 04:19:14 +0000"
    },
    "done": true
  },
  "minecraft:recipes/building_blocks/red_wool": {
    "criteria": {
      "has_white_wool": "2024-10-02 04:19:14 +0000"
    },
    "done": true
  },
  "minecraft:recipes/food/cooked_mutton": {
    "criteria": {
      "has_mutton": "2024-10-02 04:19:14 +0000"
    },
    "done": true
  },
  "valhelsia_furniture:recipes/valhelsia_furniture/white_upholstered_birch_stool": {
    "criteria": {
      "has_white_wool": "2024-10-02 04:19:14 +0000"
    },
    "done": true
  },
  "incendium:technical/on_inventory_change": {
    "criteria": {
      "log_spam_fixer": "2024-10-02 04:19:16 +0000"
    },
    "done": false
  },
  "valhelsia_furniture:recipes/valhelsia_furniture/white_upholstered_warped_stool": {
    "criteria": {
      "has_white_wool": "2024-10-02 04:19:14 +0000"
    },
    "done": true
  },
  "repurposed_structures:root": {
    "criteria": {
      "always": "2024-10-02 04:14:10 +0000"
    },
    "done": true
  },
  "DataVersion": 3120
}