{
  "utilitix:recipes/utilitix/mob_bell": {
    "criteria": {
      "criterion8": "2024-09-26 05:43:55 +0000"
    },
    "done": true
  },
  "minecraft:recipes/tools/fishing_rod": {
    "criteria": {
      "has_string": "2024-09-26 05:44:18 +0000"
    },
    "done": true
  },
  "minecraft:recipes/decorations/smoker": {
    "criteria": {
      "has_furnace": "2024-09-26 06:03:29 +0000"
    },
    "done": true
  },
  "utilitix:recipes/utilitix/advanced_brewery": {
    "criteria": {
      "criterion3": "2024-09-26 05:43:56 +0000"
    },
    "done": true
  },
  "utilitix:recipes/utilitix/hand_bell": {
    "criteria": {
      "criterion0": "2024-09-26 05:47:12 +0000"
    },
    "done": true
  },
  "repurposed_structures:igloos": {
    "criteria": {
      "in_igloo_grassy": "2024-09-26 06:26:18 +0000"
    },
    "done": false
  },
  "minecraft:recipes/redstone/lever": {
    "criteria": {
      "has_cobblestone": "2024-09-26 05:47:52 +0000"
    },
    "done": true
  },
  "spartanweaponry:recipes/spartanweaponry.basic/stone_greatsword": {
    "criteria": {
      "has_cobblestone": "2024-09-26 05:47:52 +0000"
    },
    "done": true
  },
  "minecraft:recipes/combat/iron_sword": {
    "criteria": {
      "has_iron_ingot": "2024-09-26 05:57:50 +0000"
    },
    "done": true
  },
  "valhelsia_furniture:recipes/valhelsia_furniture/yellow_upholstered_dark_oak_chair": {
    "criteria": {
      "has_dark_oak_planks": "2024-09-26 06:10:14 +0000"
    },
    "done": true
  },
  "morevillagers:first_village": {
    "criteria": {
      "plains": "2024-09-26 06:35:19 +0000"
    },
    "done": true
  },
  "valhelsia_furniture:recipes/valhelsia_furniture/red_upholstered_dark_oak_chair": {
    "criteria": {
      "has_dark_oak_planks": "2024-09-26 06:10:14 +0000"
    },
    "done": true
  },
  "utilitix:recipes/utilitix/weak_redstone_torch": {
    "criteria": {
      "criterion1": "2024-09-26 05:47:12 +0000"
    },
    "done": true
  },
  "spartanweaponry:recipes/spartanweaponry.basic/copper_katana": {
    "criteria": {
      "has_copper_ingot": "2024-09-26 05:44:18 +0000"
    },
    "done": true
  },
  "valhelsia_furniture:recipes/valhelsia_furniture/blue_dark_oak_chair": {
    "criteria": {
      "has_dark_oak_planks": "2024-09-26 06:10:14 +0000"
    },
    "done": true
  },
  "spartanweaponry:recipes/spartanweaponry.basic/wooden_katana": {
    "criteria": {
      "has_wood": "2024-09-26 05:47:07 +0000"
    },
    "done": true
  },
  "utilitix:recipes/utilitix/comparator_redirector_up": {
    "criteria": {
      "criterion1": "2024-09-26 05:47:52 +0000"
    },
    "done": true
  },
  "spartanweaponry:recipes/spartanweaponry.basic/wooden_quarterstaff": {
    "criteria": {
      "has_wood": "2024-09-26 05:47:07 +0000"
    },
    "done": true
  },
  "valhelsia_furniture:recipes/valhelsia_furniture/lime_upholstered_oak_chair": {
    "criteria": {
      "has_oak_planks": "2024-09-26 05:47:07 +0000"
    },
    "done": true
  },
  "minecraft:recipes/building_blocks/chiseled_stone_bricks": {
    "criteria": {
      "has_tag": "2024-09-26 06:10:51 +0000"
    },
    "done": true
  },
  "minecraft:recipes/tools/iron_pickaxe": {
    "criteria": {
      "has_iron_ingot": "2024-09-26 05:57:50 +0000"
    },
    "done": true
  },
  "minecraft:recipes/combat/leather_helmet": {
    "criteria": {
      "has_leather": "2024-09-26 05:54:58 +0000"
    },
    "done": true
  },
  "spartanshields:recipes/spartanshields/golden_basic_shield": {
    "criteria": {
      "has_gold_ingot": "2024-09-26 05:43:56 +0000"
    },
    "done": true
  },
  "minecraft:recipes/decorations/crafting_table": {
    "criteria": {
      "has_planks": "2024-09-26 05:47:07 +0000"
    },
    "done": true
  },
  "spartanweaponry:recipes/spartanweaponry.basic/copper_rapier": {
    "criteria": {
      "has_copper_ingot": "2024-09-26 05:44:18 +0000"
    },
    "done": true
  },
  "valhelsia_furniture:recipes/valhelsia_furniture/gray_upholstered_dark_oak_chair": {
    "criteria": {
      "has_dark_oak_planks": "2024-09-26 06:10:14 +0000"
    },
    "done": true
  },
  "minecraft:recipes/building_blocks/copper_block": {
    "criteria": {
      "has_copper_ingot": "2024-09-26 05:44:18 +0000"
    },
    "done": true
  },
  "minecraft:recipes/decorations/ladder": {
    "criteria": {
      "has_stick": "2024-09-26 05:47:12 +0000"
    },
    "done": true
  },
  "valhelsia_furniture:recipes/valhelsia_furniture/cyan_dark_oak_chair": {
    "criteria": {
      "has_dark_oak_planks": "2024-09-26 06:10:14 +0000"
    },
    "done": true
  },
  "minecraft:recipes/building_blocks/dark_oak_slab": {
    "criteria": {
      "has_planks": "2024-09-26 06:10:14 +0000"
    },
    "done": true
  },
  "minecraft:recipes/decorations/chest": {
    "criteria": {
      "has_lots_of_items": "2024-09-26 05:44:15 +0000"
    },
    "done": true
  },
  "minecraft:recipes/combat/golden_sword": {
    "criteria": {
      "has_gold_ingot": "2024-09-26 05:43:56 +0000"
    },
    "done": true
  },
  "minecraft:recipes/transportation/mangrove_boat": {
    "criteria": {
      "in_water": "2024-09-26 06:29:06 +0000"
    },
    "done": true
  },
  "skilltree:recipes/skilltree/bone_quiver": {
    "criteria": {
      "has_bone": "2024-09-26 05:44:15 +0000"
    },
    "done": true
  },
  "minecraft:recipes/tools/wooden_shovel": {
    "criteria": {
      "has_stick": "2024-09-26 05:47:12 +0000"
    },
    "done": true
  },
  "aquaculture:recipes/tools/golden_fishing_rod": {
    "criteria": {
      "has_vanilla_rod": "2024-09-22 06:06:36 +0000"
    },
    "done": true
  },
  "minecraft:recipes/decorations/torch": {
    "criteria": {
      "has_stone_pickaxe": "2024-09-26 05:48:11 +0000"
    },
    "done": true
  },
  "minecraft:recipes/redstone/dark_oak_button": {
    "criteria": {
      "has_planks": "2024-09-26 06:10:14 +0000"
    },
    "done": true
  },
  "spartanweaponry:recipes/spartanweaponry.basic/copper_battleaxe": {
    "criteria": {
      "has_copper_ingot": "2024-09-26 05:44:18 +0000"
    },
    "done": true
  },
  "spartanweaponry:recipes/spartanweaponry.basic/copper_longsword": {
    "criteria": {
      "has_copper_ingot": "2024-09-26 05:44:18 +0000"
    },
    "done": true
  },
  "minecraft:recipes/tools/shears": {
    "criteria": {
      "has_iron_ingot": "2024-09-26 05:57:50 +0000"
    },
    "done": true
  },
  "minecraft:recipes/misc/stick": {
    "criteria": {
      "has_planks": "2024-09-26 05:47:07 +0000"
    },
    "done": true
  },
  "morevillagers:all_villages": {
    "criteria": {
      "plains": "2024-09-26 06:35:19 +0000"
    },
    "done": false
  },
  "valhelsia_structures:recipes/valhelsia_structures_main/light_blue_metal_framed_glass": {
    "criteria": {
      "has_ingots/iron": "2024-09-26 05:57:50 +0000"
    },
    "done": true
  },
  "minecraft:recipes/redstone/dispenser": {
    "criteria": {
      "has_bow": "2024-09-26 05:44:15 +0000"
    },
    "done": true
  },
  "spartanweaponry:recipes/spartanweaponry.basic/iron_greatsword": {
    "criteria": {
      "has_iron_ingot": "2024-09-26 05:57:50 +0000"
    },
    "done": true
  },
  "spartanweaponry:recipes/spartanweaponry.basic/stone_boomerang": {
    "criteria": {
      "has_cobblestone": "2024-09-26 05:47:52 +0000"
    },
    "done": true
  },
  "valhelsia_structures:recipes/valhelsia_structures_main/bone_pile_block_from_bone": {
    "criteria": {
      "has_bone": "2024-09-26 05:44:15 +0000"
    },
    "done": true
  },
  "valhelsia_furniture:recipes/valhelsia_furniture/gray_upholstered_oak_chair": {
    "criteria": {
      "has_oak_planks": "2024-09-26 05:47:07 +0000"
    },
    "done": true
  },
  "minecraft:recipes/building_blocks/emerald_block": {
    "criteria": {
      "has_emerald": "2024-09-26 06:10:44 +0000"
    },
    "done": true
  },
  "valhelsia_furniture:recipes/valhelsia_furniture/oak_desk_drawer": {
    "criteria": {
      "has_oak_planks": "2024-09-26 05:47:07 +0000"
    },
    "done": true
  },
  "minecraft:recipes/food/cake": {
    "criteria": {
      "has_egg": "2024-09-26 05:57:07 +0000"
    },
    "done": true
  },
  "valhelsia_furniture:recipes/valhelsia_furniture/yellow_upholstered_oak_chair": {
    "criteria": {
      "has_oak_planks": "2024-09-26 05:47:07 +0000"
    },
    "done": true
  },
  "minecraft:recipes/combat/iron_leggings": {
    "criteria": {
      "has_iron_ingot": "2024-09-26 05:57:50 +0000"
    },
    "done": true
  },
  "minecraft:recipes/redstone/dark_oak_door": {
    "criteria": {
      "has_planks": "2024-09-26 06:10:14 +0000"
    },
    "done": true
  },
  "valhelsia_structures:recipes/valhelsia_structures_main/light_gray_metal_framed_glass": {
    "criteria": {
      "has_ingots/iron": "2024-09-26 05:57:50 +0000"
    },
    "done": true
  },
  "mcwbridges:recipes/cobblestone_bridge": {
    "criteria": {
      "has_planks": "2024-09-26 05:47:52 +0000"
    },
    "done": true
  },
  "minecraft:recipes/combat/shield": {
    "criteria": {
      "has_iron_ingot": "2024-09-26 05:57:50 +0000"
    },
    "done": true
  },
  "valhelsia_furniture:recipes/valhelsia_furniture/purple_upholstered_dark_oak_chair": {
    "criteria": {
      "has_dark_oak_planks": "2024-09-26 06:10:14 +0000"
    },
    "done": true
  },
  "minecraft:recipes/building_blocks/cobblestone_slab": {
    "criteria": {
      "has_cobblestone": "2024-09-26 05:47:52 +0000"
    },
    "done": true
  },
  "spartanweaponry:recipes/spartanweaponry.basic/golden_spear": {
    "criteria": {
      "has_gold_ingot": "2024-09-26 05:43:56 +0000"
    },
    "done": true
  },
  "minecraft:recipes/redstone/hopper": {
    "criteria": {
      "has_iron_ingot": "2024-09-26 05:57:50 +0000"
    },
    "done": true
  },
  "mcwbridges:recipes/iron_bridge": {
    "criteria": {
      "has_planks": "2024-09-26 05:57:50 +0000"
    },
    "done": true
  },
  "spartanweaponry:recipes/spartanweaponry.basic/wooden_rapier": {
    "criteria": {
      "has_wood": "2024-09-26 05:47:07 +0000"
    },
    "done": true
  },
  "iter_rpg:iter_root": {
    "criteria": {
      "iter_root": "2024-09-22 06:06:36 +0000"
    },
    "done": true
  },
  "aquaculture:recipes/misc/gold_nugget_from_smelting": {
    "criteria": {
      "has_fishing_rod": "2024-09-22 06:06:36 +0000",
      "has_fillet_knife": "2024-09-22 06:06:36 +0000"
    },
    "done": true
  },
  "wrd:wesleys_roguelike_dungeons": {
    "criteria": {
      "wesleys_roguelike_dungeons": "2024-09-26 05:57:50 +0000"
    },
    "done": true
  },
  "aquaculture:recipes/aquaculture/worm_farm": {
    "criteria": {
      "has_items": "2024-09-22 06:06:36 +0000"
    },
    "done": true
  },
  "spartanweaponry:recipes/spartanweaponry.basic/wooden_flanged_mace": {
    "criteria": {
      "has_wood": "2024-09-26 05:47:07 +0000"
    },
    "done": true
  },
  "spartanweaponry:recipes/spartanweaponry.basic/wooden_boomerang": {
    "criteria": {
      "has_wood": "2024-09-26 05:47:07 +0000"
    },
    "done": true
  },
  "valhelsia_structures:recipes/valhelsia_structures_main/explorers_tent": {
    "criteria": {
      "has_leather": "2024-09-26 05:54:58 +0000"
    },
    "done": true
  },
  "spartanweaponry:recipes/spartanweaponry.basic/stone_warhammer": {
    "criteria": {
      "has_cobblestone": "2024-09-26 05:47:52 +0000"
    },
    "done": true
  },
  "minecraft:recipes/combat/leather_leggings": {
    "criteria": {
      "has_leather": "2024-09-26 05:54:58 +0000"
    },
    "done": true
  },
  "incendium:technical/using/trailblazer": {
    "criteria": {
      "log_spam_fixer": "2024-09-22 06:06:38 +0000"
    },
    "done": false
  },
  "aquaculture:recipes/decorations/spruce_fish_mount": {
    "criteria": {
      "has_items": "2024-09-22 06:06:36 +0000"
    },
    "done": true
  },
  "valhelsia_structures:recipes/valhelsia_structures_main/yellow_metal_framed_glass": {
    "criteria": {
      "has_ingots/iron": "2024-09-26 05:57:50 +0000"
    },
    "done": true
  },
  "spartanweaponry:recipes/spartanweaponry.basic/stone_saber": {
    "criteria": {
      "has_cobblestone": "2024-09-26 05:47:52 +0000"
    },
    "done": true
  },
  "spartanshields:recipes/spartanshields/golden_tower_shield": {
    "criteria": {
      "has_gold_ingot": "2024-09-26 05:43:56 +0000"
    },
    "done": true
  },
  "minecraft:recipes/decorations/iron_bars": {
    "criteria": {
      "has_iron_ingot": "2024-09-26 05:57:50 +0000"
    },
    "done": true
  },
  "spartanweaponry:recipes/spartanweaponry.basic/wooden_warhammer": {
    "criteria": {
      "has_wood": "2024-09-26 05:47:07 +0000"
    },
    "done": true
  },
  "valhelsia_furniture:recipes/valhelsia_furniture/green_upholstered_dark_oak_chair": {
    "criteria": {
      "has_dark_oak_planks": "2024-09-26 06:10:14 +0000"
    },
    "done": true
  },
  "incendium:technical/scroll_of_returning": {
    "criteria": {
      "log_spam_fixer": "2024-09-22 06:06:38 +0000"
    },
    "done": false
  },
  "spartanweaponry:root": {
    "criteria": {
      "has_pole": "2024-09-26 06:00:01 +0000"
    },
    "done": true
  },
  "minecraft:recipes/building_blocks/gold_block": {
    "criteria": {
      "has_gold_ingot": "2024-09-26 05:43:56 +0000"
    },
    "done": true
  },
  "spartanweaponry:recipes/spartanweaponry.basic/wooden_throwing_knife": {
    "criteria": {
      "has_wood": "2024-09-26 05:47:07 +0000"
    },
    "done": true
  },
  "minecraft:story/obtain_armor": {
    "criteria": {
      "iron_boots": "2024-09-26 06:00:58 +0000"
    },
    "done": true
  },
  "spartanweaponry:recipes/spartanweaponry.basic/golden_lance": {
    "criteria": {
      "has_gold_ingot": "2024-09-26 05:43:56 +0000"
    },
    "done": true
  },
  "spartanshields:recipes/spartanshields/copper_basic_shield": {
    "criteria": {
      "has_copper_ingot": "2024-09-26 05:44:18 +0000"
    },
    "done": true
  },
  "utilitix:recipes/utilitix/armed_stand": {
    "criteria": {
      "criterion1": "2024-09-26 05:47:12 +0000"
    },
    "done": true
  },
  "valhelsia_furniture:recipes/valhelsia_furniture/brown_upholstered_oak_chair": {
    "criteria": {
      "has_oak_planks": "2024-09-26 05:47:07 +0000"
    },
    "done": true
  },
  "morevillagers:root": {
    "criteria": {
      "always": "2024-09-22 06:06:36 +0000"
    },
    "done": true
  },
  "minecraft:recipes/brewing/cauldron": {
    "criteria": {
      "has_water_bucket": "2024-09-26 06:29:06 +0000"
    },
    "done": true
  },
  "minecraft:recipes/building_blocks/deepslate_tile_stairs_from_deepslate_tiles_stonecutting": {
    "criteria": {
      "has_deepslate_tiles": "2024-09-26 06:09:47 +0000"
    },
    "done": true
  },
  "spartanweaponry:recipes/spartanweaponry.basic/wooden_longbow": {
    "criteria": {
      "has_wood": "2024-09-26 05:47:07 +0000"
    },
    "done": true
  },
  "spartanweaponry:recipes/spartanweaponry.basic/copper_longbow": {
    "criteria": {
      "has_copper_ingot": "2024-09-26 05:44:18 +0000"
    },
    "done": true
  },
  "minecraft:adventure/sleep_in_bed": {
    "criteria": {
      "slept_in_bed": "2024-09-26 06:03:09 +0000"
    },
    "done": true
  },
  "spartanweaponry:recipes/spartanweaponry.basic/iron_flanged_mace": {
    "criteria": {
      "has_iron_ingot": "2024-09-26 05:57:50 +0000"
    },
    "done": true
  },
  "spartanweaponry:recipes/spartanweaponry.basic/stone_glaive": {
    "criteria": {
      "has_cobblestone": "2024-09-26 05:47:52 +0000"
    },
    "done": true
  },
  "spartanweaponry:recipes/spartanweaponry.basic/iron_dagger": {
    "criteria": {
      "has_iron_ingot": "2024-09-26 05:57:50 +0000"
    },
    "done": true
  },
  "spartanweaponry:recipes/spartanweaponry.basic/iron_quarterstaff": {
    "criteria": {
      "has_iron_ingot": "2024-09-26 05:57:50 +0000"
    },
    "done": true
  },
  "minecraft:recipes/building_blocks/cobblestone_slab_from_cobblestone_stonecutting": {
    "criteria": {
      "has_cobblestone": "2024-09-26 05:47:52 +0000"
    },
    "done": true
  },
  "aquaculture:recipes/misc/jellyfish_to_slimeball": {
    "criteria": {
      "has_items": "2024-09-22 06:06:36 +0000"
    },
    "done": true
  },
  "spartanweaponry:recipes/spartanweaponry.basic/golden_tomahawk": {
    "criteria": {
      "has_gold_ingot": "2024-09-26 05:43:56 +0000"
    },
    "done": true
  },
  "valhelsia_furniture:recipes/valhelsia_furniture/blue_oak_chair": {
    "criteria": {
      "has_oak_planks": "2024-09-26 05:47:07 +0000"
    },
    "done": true
  },
  "minecraft:recipes/building_blocks/oak_stairs": {
    "criteria": {
      "has_planks": "2024-09-26 05:47:07 +0000"
    },
    "done": true
  },
  "valhelsia_furniture:recipes/valhelsia_furniture/hay_mangrove_chair": {
    "criteria": {
      "has_hay_block": "2024-09-26 06:11:39 +0000"
    },
    "done": true
  },
  "minecraft:recipes/transportation/acacia_boat": {
    "criteria": {
      "in_water": "2024-09-26 06:29:06 +0000"
    },
    "done": true
  },
  "minecraft:recipes/redstone/iron_trapdoor": {
    "criteria": {
      "has_iron_ingot": "2024-09-26 05:57:50 +0000"
    },
    "done": true
  },
  "aquaculture:recipes/tools/iron_fillet_knife": {
    "criteria": {
      "has_items": "2024-09-26 05:57:50 +0000"
    },
    "done": true
  },
  "aquaculture:recipes/tools/iron_fishing_rod": {
    "criteria": {
      "has_vanilla_rod": "2024-09-22 06:06:36 +0000"
    },
    "done": true
  },
  "valhelsia_structures:recipes/valhelsia_structures_main/metal_framed_glass": {
    "criteria": {
      "has_ingots/iron": "2024-09-26 05:57:50 +0000"
    },
    "done": true
  },
  "spartanweaponry:recipes/spartanweaponry.basic/handle_from_leather": {
    "criteria": {
      "has_stick": "2024-09-26 05:47:12 +0000"
    },
    "done": true
  },
  "minecraft:adventure/root": {
    "criteria": {
      "killed_something": "2024-09-26 05:44:15 +0000"
    },
    "done": true
  },
  "valhelsia_furniture:recipes/valhelsia_furniture/yellow_mangrove_table": {
    "criteria": {
      "has_yellow_carpet": "2024-09-26 06:13:32 +0000"
    },
    "done": true
  },
  "valhelsia_furniture:recipes/valhelsia_furniture/light_gray_dark_oak_chair": {
    "criteria": {
      "has_dark_oak_planks": "2024-09-26 06:10:14 +0000"
    },
    "done": true
  },
  "valhelsia_furniture:recipes/valhelsia_furniture/blue_upholstered_oak_chair": {
    "criteria": {
      "has_oak_planks": "2024-09-26 05:47:07 +0000"
    },
    "done": true
  },
  "valhelsia_structures:recipes/valhelsia_structures_main/red_metal_framed_glass": {
    "criteria": {
      "has_ingots/iron": "2024-09-26 05:57:50 +0000"
    },
    "done": true
  },
  "aquaculture:recipes/decorations/acacia_fish_mount": {
    "criteria": {
      "has_items": "2024-09-22 06:06:36 +0000"
    },
    "done": true
  },
  "aquaculture:recipes/misc/brown_mushroom_from_fish": {
    "criteria": {
      "has_items": "2024-09-22 06:06:36 +0000"
    },
    "done": true
  },
  "valhelsia_furniture:recipes/valhelsia_furniture/magenta_upholstered_oak_chair": {
    "criteria": {
      "has_oak_planks": "2024-09-26 05:47:07 +0000"
    },
    "done": true
  },
  "minecraft:recipes/building_blocks/white_wool_from_string": {
    "criteria": {
      "has_string": "2024-09-26 05:44:18 +0000"
    },
    "done": true
  },
  "spartanweaponry:recipes/spartanweaponry.basic/stone_scythe": {
    "criteria": {
      "has_cobblestone": "2024-09-26 05:47:52 +0000"
    },
    "done": true
  },
  "minecraft:recipes/redstone/lightning_rod": {
    "criteria": {
      "has_copper_ingot": "2024-09-26 05:44:18 +0000"
    },
    "done": true
  },
  "minecraft:recipes/building_blocks/deepslate_tile_slab_from_deepslate_tiles_stonecutting": {
    "criteria": {
      "has_deepslate_tiles": "2024-09-26 06:09:47 +0000"
    },
    "done": true
  },
  "minecraft:adventure/kill_all_mobs": {
    "criteria": {
      "minecraft:pillager": "2024-09-26 05:55:57 +0000",
      "minecraft:skeleton": "2024-09-26 05:44:15 +0000",
      "minecraft:spider": "2024-09-26 05:45:33 +0000",
      "minecraft:creeper": "2024-09-26 06:20:47 +0000",
      "minecraft:witch": "2024-09-26 06:26:03 +0000",
      "minecraft:zombie": "2024-09-26 05:45:35 +0000"
    },
    "done": false
  },
  "minecraft:recipes/misc/ender_eye": {
    "criteria": {
      "has_blaze_powder": "2024-09-26 05:57:52 +0000"
    },
    "done": true
  },
  "incendium:technical/sentrys_wrath": {
    "criteria": {
      "log_spam_fixer": "2024-09-26 06:40:29 +0000"
    },
    "done": false
  },
  "spartanweaponry:recipes/spartanweaponry.basic/copper_dagger": {
    "criteria": {
      "has_copper_ingot": "2024-09-26 05:44:18 +0000"
    },
    "done": true
  },
  "minecraft:recipes/building_blocks/birch_wood": {
    "criteria": {
      "has_log": "2024-09-26 05:48:35 +0000"
    },
    "done": true
  },
  "minecraft:recipes/food/cooked_beef_from_smoking": {
    "criteria": {
      "has_beef": "2024-09-26 05:54:58 +0000"
    },
    "done": true
  },
  "minecraft:recipes/decorations/stone_brick_wall": {
    "criteria": {
      "has_stone_bricks": "2024-09-26 06:10:51 +0000"
    },
    "done": true
  },
  "mcwbridges:recipes/cobblestone_bridge_stair": {
    "criteria": {
      "has_planks": "2024-09-26 05:47:52 +0000"
    },
    "done": true
  },
  "spartanweaponry:recipes/spartanweaponry.basic/iron_katana": {
    "criteria": {
      "has_iron_ingot": "2024-09-26 05:57:50 +0000"
    },
    "done": true
  },
  "minecraft:recipes/food/cooked_chicken_from_campfire_cooking": {
    "criteria": {
      "has_chicken": "2024-09-26 05:57:07 +0000"
    },
    "done": true
  },
  "minecraft:recipes/redstone/dark_oak_fence_gate": {
    "criteria": {
      "has_planks": "2024-09-26 06:10:14 +0000"
    },
    "done": true
  },
  "valhelsia_structures:recipes/valhelsia_structures_main/magenta_metal_framed_glass": {
    "criteria": {
      "has_ingots/iron": "2024-09-26 05:57:50 +0000"
    },
    "done": true
  },
  "minecraft:recipes/misc/iron_nugget_from_smelting": {
    "criteria": {
      "has_iron_shovel": "2024-09-26 05:45:37 +0000"
    },
    "done": true
  },
  "mcwbridges:recipes/balustrade_cobblestone_bridge": {
    "criteria": {
      "has_planks": "2024-09-26 05:47:52 +0000"
    },
    "done": true
  },
  "spartanshields:recipes/spartanshields/iron_tower_shield": {
    "criteria": {
      "has_iron_ingot": "2024-09-26 05:57:50 +0000"
    },
    "done": true
  },
  "valhelsia_structures:recipes/valhelsia_structures_main/black_metal_framed_glass": {
    "criteria": {
      "has_ingots/iron": "2024-09-26 05:57:50 +0000"
    },
    "done": true
  },
  "valhelsia_furniture:recipes/valhelsia_furniture/hay_spruce_chair": {
    "criteria": {
      "has_hay_block": "2024-09-26 06:11:39 +0000"
    },
    "done": true
  },
  "spartanshields:recipes/spartanshields/iron_basic_shield": {
    "criteria": {
      "has_iron_ingot": "2024-09-26 05:57:50 +0000"
    },
    "done": true
  },
  "valhelsia_structures:recipes/valhelsia_structures_main/gray_metal_framed_glass": {
    "criteria": {
      "has_ingots/iron": "2024-09-26 05:57:50 +0000"
    },
    "done": true
  },
  "minecraft:recipes/decorations/chain": {
    "criteria": {
      "has_iron_nugget": "2024-09-26 05:43:58 +0000"
    },
    "done": true
  },
  "spartanweaponry:recipes/spartanweaponry.basic/copper_parrying_dagger": {
    "criteria": {
      "has_copper_ingot": "2024-09-26 05:44:18 +0000"
    },
    "done": true
  },
  "utilitix:recipes/utilitix/mob_yoinker": {
    "criteria": {
      "criterion1": "2024-09-26 05:44:18 +0000"
    },
    "done": true
  },
  "spartanweaponry:recipes/spartanweaponry.basic/golden_saber": {
    "criteria": {
      "has_gold_ingot": "2024-09-26 05:43:56 +0000"
    },
    "done": true
  },
  "minecraft:recipes/decorations/oak_fence": {
    "criteria": {
      "has_planks": "2024-09-26 05:47:07 +0000"
    },
    "done": true
  },
  "valhelsia_structures:recipes/valhelsia_structures_main/pink_metal_framed_glass": {
    "criteria": {
      "has_ingots/iron": "2024-09-26 05:57:50 +0000"
    },
    "done": true
  },
  "spartanweaponry:recipes/spartanweaponry.basic/leather_heavy_crossbow": {
    "criteria": {
      "has_leather": "2024-09-26 05:54:58 +0000"
    },
    "done": true
  },
  "paraglider:root": {
    "criteria": {
      "crafting_table": "2024-09-26 05:47:09 +0000"
    },
    "done": true
  },
  "majruszsdifficulty:progressive_difficulty/bleeding": {
    "criteria": {
      "bleeding_applied": "2024-09-26 06:27:06 +0000"
    },
    "done": true
  },
  "valhelsia_furniture:recipes/valhelsia_furniture/purple_oak_chair": {
    "criteria": {
      "has_oak_planks": "2024-09-26 05:47:07 +0000"
    },
    "done": true
  },
  "minecraft:recipes/building_blocks/oak_slab": {
    "criteria": {
      "has_planks": "2024-09-26 05:47:07 +0000"
    },
    "done": true
  },
  "spartanweaponry:recipes/spartanweaponry.basic/golden_pike": {
    "criteria": {
      "has_gold_ingot": "2024-09-26 05:43:56 +0000"
    },
    "done": true
  },
  "spartanweaponry:recipes/spartanweaponry.basic/golden_boomerang": {
    "criteria": {
      "has_gold_ingot": "2024-09-26 05:43:56 +0000"
    },
    "done": true
  },
  "1_splatus:unlocked/moonlight_edge": {
    "criteria": {
      "blowgun": "2024-09-26 05:43:58 +0000"
    },
    "done": true
  },
  "spartanweaponry:recipes/spartanweaponry.basic/golden_halberd": {
    "criteria": {
      "has_gold_ingot": "2024-09-26 05:43:56 +0000"
    },
    "done": true
  },
  "valhelsia_furniture:recipes/valhelsia_furniture/gray_oak_chair": {
    "criteria": {
      "has_oak_planks": "2024-09-26 05:47:07 +0000"
    },
    "done": true
  },
  "spartanweaponry:recipes/spartanweaponry.basic/handle_from_wool": {
    "criteria": {
      "has_stick": "2024-09-26 05:47:12 +0000"
    },
    "done": true
  },
  "valhelsia_furniture:recipes/valhelsia_furniture/black_upholstered_oak_chair": {
    "criteria": {
      "has_oak_planks": "2024-09-26 05:47:07 +0000"
    },
    "done": true
  },
  "spartanweaponry:recipes/spartanweaponry.basic/leather_longbow": {
    "criteria": {
      "has_leather": "2024-09-26 05:54:58 +0000"
    },
    "done": true
  },
  "valhelsia_furniture:recipes/valhelsia_furniture/brown_upholstered_dark_oak_chair": {
    "criteria": {
      "has_dark_oak_planks": "2024-09-26 06:10:14 +0000"
    },
    "done": true
  },
  "minecraft:recipes/brewing/blaze_powder": {
    "criteria": {
      "has_blaze_rod": "2024-09-26 06:18:13 +0000"
    },
    "done": true
  },
  "1_splatus:unlocked/thorn_blossom": {
    "criteria": {
      "blowgun": "2024-09-26 05:44:18 +0000"
    },
    "done": true
  },
  "majruszsdifficulty:recipes/misc/bandage": {
    "criteria": {
      "has_string": "2024-09-26 05:44:18 +0000"
    },
    "done": true
  },
  "spartanweaponry:recipes/spartanweaponry.basic/stone_rapier": {
    "criteria": {
      "has_cobblestone": "2024-09-26 05:47:52 +0000"
    },
    "done": true
  },
  "skilltree:recipes/skilltree/fiery_quiver": {
    "criteria": {
      "has_blaze_powder": "2024-09-26 05:57:52 +0000"
    },
    "done": true
  },
  "minecraft:recipes/combat/golden_chestplate": {
    "criteria": {
      "has_gold_ingot": "2024-09-26 05:43:56 +0000"
    },
    "done": true
  },
  "valhelsia_furniture:recipes/valhelsia_furniture/orange_dark_oak_chair": {
    "criteria": {
      "has_dark_oak_planks": "2024-09-26 06:10:14 +0000"
    },
    "done": true
  },
  "minecraft:recipes/misc/iron_ingot_from_blasting_raw_iron": {
    "criteria": {
      "has_raw_iron": "2024-09-26 05:52:39 +0000"
    },
    "done": true
  },
  "valhelsia_furniture:recipes/valhelsia_furniture/hay_oak_chair": {
    "criteria": {
      "has_oak_planks": "2024-09-26 05:47:07 +0000"
    },
    "done": true
  },
  "majruszsdifficulty:progressive_difficulty/bleeding_inflicted": {
    "criteria": {
      "bleeding_applied": "2024-09-26 05:54:57 +0000"
    },
    "done": true
  },
  "spartanweaponry:recipes/spartanweaponry.basic/iron_longbow": {
    "criteria": {
      "has_iron_ingot": "2024-09-26 05:57:50 +0000"
    },
    "done": true
  },
  "spartanshields:recipes/spartanshields/wooden_tower_shield": {
    "criteria": {
      "has_planks": "2024-09-26 05:47:07 +0000"
    },
    "done": true
  },
  "valhelsia_structures:recipes/valhelsia_structures_main/brazier": {
    "criteria": {
      "has_coals": "2024-09-26 05:50:06 +0000"
    },
    "done": true
  },
  "aquaculture:recipes/aquaculture/redstone_hook": {
    "criteria": {
      "has_items": "2024-09-22 06:06:36 +0000"
    },
    "done": true
  },
  "spartanweaponry:recipes/spartanweaponry.basic/stone_katana": {
    "criteria": {
      "has_cobblestone": "2024-09-26 05:47:52 +0000"
    },
    "done": true
  },
  "spartanweaponry:recipes/spartanweaponry.basic/wooden_battleaxe": {
    "criteria": {
      "has_wood": "2024-09-26 05:47:07 +0000"
    },
    "done": true
  },
  "spartanweaponry:recipes/spartanweaponry.basic/wooden_pike": {
    "criteria": {
      "has_wood": "2024-09-26 05:47:07 +0000"
    },
    "done": true
  },
  "minecraft:recipes/building_blocks/iron_block": {
    "criteria": {
      "has_iron_ingot": "2024-09-26 05:57:50 +0000"
    },
    "done": true
  },
  "incendium:technical/inventory/sentrys_wrath": {
    "criteria": {
      "log_spam_fixer": "2024-09-26 06:40:29 +0000"
    },
    "done": false
  },
  "spartanweaponry:recipes/spartanweaponry.basic/stone_battle_hammer": {
    "criteria": {
      "has_cobblestone": "2024-09-26 05:47:52 +0000"
    },
    "done": true
  },
  "spartanweaponry:recipes/spartanweaponry.basic/stone_spear": {
    "criteria": {
      "has_cobblestone": "2024-09-26 05:47:52 +0000"
    },
    "done": true
  },
  "morevillagers:recipes/blueprint_table": {
    "criteria": {
      "has_paper": "2024-09-26 06:11:03 +0000"
    },
    "done": true
  },
  "mcwbridges:recipes/oak_bridge_pier": {
    "criteria": {
      "has_planks": "2024-09-26 05:46:54 +0000"
    },
    "done": true
  },
  "spartanweaponry:recipes/spartanweaponry.basic/copper_heavy_crossbow": {
    "criteria": {
      "has_copper_ingot": "2024-09-26 05:44:18 +0000"
    },
    "done": true
  },
  "valhelsia_furniture:recipes/valhelsia_furniture/oak_desk": {
    "criteria": {
      "has_oak_planks": "2024-09-26 05:47:07 +0000"
    },
    "done": true
  },
  "spartanweaponry:recipes/spartanweaponry.basic/copper_saber": {
    "criteria": {
      "has_copper_ingot": "2024-09-26 05:44:18 +0000"
    },
    "done": true
  },
  "minecraft:recipes/combat/wooden_sword": {
    "criteria": {
      "has_stick": "2024-09-26 05:47:12 +0000"
    },
    "done": true
  },
  "minecraft:recipes/building_blocks/oak_planks": {
    "criteria": {
      "has_logs": "2024-09-26 05:46:54 +0000"
    },
    "done": true
  },
  "valhelsia_furniture:recipes/valhelsia_furniture/lime_oak_chair": {
    "criteria": {
      "has_oak_planks": "2024-09-26 05:47:07 +0000"
    },
    "done": true
  },
  "dungeons_arise:find_lighthouse": {
    "criteria": {
      "location0": "2024-09-26 06:02:56 +0000"
    },
    "done": true
  },
  "spartanweaponry:recipes/spartanweaponry.basic/golden_throwing_knife": {
    "criteria": {
      "has_gold_ingot": "2024-09-26 05:43:56 +0000"
    },
    "done": true
  },
  "valhelsia_furniture:recipes/valhelsia_furniture/yellow_acacia_table": {
    "criteria": {
      "has_yellow_carpet": "2024-09-26 06:13:32 +0000"
    },
    "done": true
  },
  "mcwbridges:recipes/dark_oak_log_bridge_middle": {
    "criteria": {
      "has_planks": "2024-09-26 06:10:14 +0000"
    },
    "done": true
  },
  "minecraft:recipes/tools/golden_axe": {
    "criteria": {
      "has_gold_ingot": "2024-09-26 05:43:56 +0000"
    },
    "done": true
  },
  "morevillagers:recipes/hunting_post": {
    "criteria": {
      "has_arrow": "2024-09-26 05:44:15 +0000"
    },
    "done": true
  },
  "minecraft:recipes/tools/iron_axe": {
    "criteria": {
      "has_iron_ingot": "2024-09-26 05:57:50 +0000"
    },
    "done": true
  },
  "valhelsia_furniture:recipes/valhelsia_furniture/green_dark_oak_chair": {
    "criteria": {
      "has_dark_oak_planks": "2024-09-26 06:10:14 +0000"
    },
    "done": true
  },
  "valhelsia_furniture:recipes/valhelsia_furniture/light_blue_upholstered_dark_oak_chair": {
    "criteria": {
      "has_dark_oak_planks": "2024-09-26 06:10:14 +0000"
    },
    "done": true
  },
  "skilltree:recipes/skilltree/traveler_necklace": {
    "criteria": {
      "has_feather": "2024-09-26 05:57:07 +0000"
    },
    "done": true
  },
  "minecraft:recipes/decorations/deepslate_tile_wall": {
    "criteria": {
      "has_deepslate_tiles": "2024-09-26 06:09:47 +0000"
    },
    "done": true
  },
  "minecraft:recipes/redstone/tripwire_hook": {
    "criteria": {
      "has_string": "2024-09-26 05:44:18 +0000"
    },
    "done": true
  },
  "spartanweaponry:recipes/spartanweaponry.basic/golden_scythe": {
    "criteria": {
      "has_gold_ingot": "2024-09-26 05:43:56 +0000"
    },
    "done": true
  },
  "spartanweaponry:recipes/spartanweaponry.basic/copper_spear": {
    "criteria": {
      "has_copper_ingot": "2024-09-26 05:44:18 +0000"
    },
    "done": true
  },
  "aquaculture:recipes/aquaculture/diamond_hook": {
    "criteria": {
      "has_items": "2024-09-22 06:06:36 +0000"
    },
    "done": true
  },
  "minecraft:recipes/combat/iron_boots": {
    "criteria": {
      "has_iron_ingot": "2024-09-26 05:57:50 +0000"
    },
    "done": true
  },
  "minecraft:recipes/misc/bone_meal": {
    "criteria": {
      "has_bone": "2024-09-26 05:44:15 +0000"
    },
    "done": true
  },
  "minecraft:recipes/building_blocks/birch_planks": {
    "criteria": {
      "has_logs": "2024-09-26 05:48:35 +0000"
    },
    "done": true
  },
  "utilitix:recipes/utilitix/gilding_crystal": {
    "criteria": {
      "criterion0": "2024-09-26 05:43:56 +0000"
    },
    "done": true
  },
  "spartanweaponry:recipes/spartanweaponry.basic/iron_boomerang": {
    "criteria": {
      "has_iron_ingot": "2024-09-26 05:57:50 +0000"
    },
    "done": true
  },
  "mcwbridges:recipes/rope_dark_oak_bridge": {
    "criteria": {
      "has_planks": "2024-09-26 06:10:14 +0000"
    },
    "done": true
  },
  "minecraft:story/iron_tools": {
    "criteria": {
      "iron_pickaxe": "2024-09-26 06:06:53 +0000"
    },
    "done": true
  },
  "valhelsia_furniture:recipes/valhelsia_furniture/gray_dark_oak_chair": {
    "criteria": {
      "has_dark_oak_planks": "2024-09-26 06:10:14 +0000"
    },
    "done": true
  },
  "minecraft:recipes/decorations/cartography_table": {
    "criteria": {
      "has_paper": "2024-09-26 06:11:03 +0000"
    },
    "done": true
  },
  "valhelsia_furniture:recipes/valhelsia_furniture/pink_upholstered_dark_oak_chair": {
    "criteria": {
      "has_dark_oak_planks": "2024-09-26 06:10:14 +0000"
    },
    "done": true
  },
  "paraglider:recipes/paraglider/paraglider": {
    "criteria": {
      "has_stick": "2024-09-26 05:47:12 +0000"
    },
    "done": true
  },
  "sophisticatedbackpacks:recipes/sophisticatedbackpacks/upgrade_base": {
    "criteria": {
      "has_leather": "2024-09-26 05:54:58 +0000"
    },
    "done": true
  },
  "minecraft:recipes/combat/crossbow": {
    "criteria": {
      "has_string": "2024-09-26 05:44:18 +0000"
    },
    "done": true
  },
  "minecraft:recipes/combat/iron_chestplate": {
    "criteria": {
      "has_iron_ingot": "2024-09-26 05:57:50 +0000"
    },
    "done": true
  },
  "valhelsia_furniture:recipes/valhelsia_furniture/light_blue_dark_oak_chair": {
    "criteria": {
      "has_dark_oak_planks": "2024-09-26 06:10:14 +0000"
    },
    "done": true
  },
  "minecraft:recipes/redstone/dark_oak_trapdoor": {
    "criteria": {
      "has_planks": "2024-09-26 06:10:14 +0000"
    },
    "done": true
  },
  "minecraft:recipes/decorations/oak_sign": {
    "criteria": {
      "has_planks": "2024-09-26 05:47:07 +0000"
    },
    "done": true
  },
  "minecraft:recipes/building_blocks/deepslate_tile_slab": {
    "criteria": {
      "has_deepslate_tiles": "2024-09-26 06:09:47 +0000"
    },
    "done": true
  },
  "minecraft:recipes/redstone/oak_trapdoor": {
    "criteria": {
      "has_planks": "2024-09-26 05:47:07 +0000"
    },
    "done": true
  },
  "valhelsia_furniture:recipes/valhelsia_furniture/yellow_warped_table": {
    "criteria": {
      "has_yellow_carpet": "2024-09-26 06:13:32 +0000"
    },
    "done": true
  },
  "valhelsia_furniture:recipes/valhelsia_furniture/black_oak_chair": {
    "criteria": {
      "has_oak_planks": "2024-09-26 05:47:07 +0000"
    },
    "done": true
  },
  "minecraft:recipes/misc/iron_nugget_from_blasting": {
    "criteria": {
      "has_iron_shovel": "2024-09-26 05:45:37 +0000"
    },
    "done": true
  },
  "betterdungeons:root": {
    "criteria": {
      "always": "2024-09-22 06:06:36 +0000"
    },
    "done": true
  },
  "aquaculture:recipes/food/sushi": {
    "criteria": {
      "has_alt_items": "2024-09-22 06:06:36 +0000",
      "has_items": "2024-09-22 06:06:36 +0000"
    },
    "done": true
  },
  "spartanweaponry:recipes/spartanweaponry.basic/iron_halberd": {
    "criteria": {
      "has_iron_ingot": "2024-09-26 05:57:50 +0000"
    },
    "done": true
  },
  "sophisticatedbackpacks:recipes/sophisticatedbackpacks/backpack": {
    "criteria": {
      "has_leather": "2024-09-26 05:54:58 +0000"
    },
    "done": true
  },
  "spartanweaponry:recipes/spartanweaponry.basic/iron_saber": {
    "criteria": {
      "has_iron_ingot": "2024-09-26 05:57:50 +0000"
    },
    "done": true
  },
  "spartanweaponry:recipes/spartanweaponry.basic/iron_battle_hammer": {
    "criteria": {
      "has_iron_ingot": "2024-09-26 05:57:50 +0000"
    },
    "done": true
  },
  "spartanweaponry:recipes/spartanweaponry.basic/golden_heavy_crossbow": {
    "criteria": {
      "has_gold_ingot": "2024-09-26 05:43:56 +0000"
    },
    "done": true
  },
  "spartanweaponry:recipes/spartanweaponry.basic/copper_javelin": {
    "criteria": {
      "has_copper_ingot": "2024-09-26 05:44:18 +0000"
    },
    "done": true
  },
  "minecraft:adventure/kill_a_mob": {
    "criteria": {
      "minecraft:skeleton": "2024-09-26 05:44:15 +0000"
    },
    "done": true
  },
  "minecraft:recipes/tools/golden_pickaxe": {
    "criteria": {
      "has_gold_ingot": "2024-09-26 05:43:56 +0000"
    },
    "done": true
  },
  "incendium:technical/multiplex_crossbow": {
    "criteria": {
      "log_spam_fixer": "2024-09-26 06:40:29 +0000"
    },
    "done": false
  },
  "spartanweaponry:recipes/spartanweaponry.basic/copper_lance": {
    "criteria": {
      "has_copper_ingot": "2024-09-26 05:44:18 +0000"
    },
    "done": true
  },
  "valhelsia_structures:recipes/valhelsia_structures_main/orange_metal_framed_glass": {
    "criteria": {
      "has_ingots/iron": "2024-09-26 05:57:50 +0000"
    },
    "done": true
  },
  "tombstone:recipes/from_grave_dust": {
    "criteria": {
      "has_ingredient": "2024-09-26 05:46:18 +0000"
    },
    "done": true
  },
  "minecraft:recipes/building_blocks/stone": {
    "criteria": {
      "has_cobblestone": "2024-09-26 05:47:52 +0000"
    },
    "done": true
  },
  "incendium:technical/firestorm": {
    "criteria": {
      "log_spam_fixer": "2024-09-26 06:40:29 +0000"
    },
    "done": false
  },
  "minecraft:recipes/brewing/magma_cream": {
    "criteria": {
      "has_blaze_powder": "2024-09-26 05:57:52 +0000"
    },
    "done": true
  },
  "minecraft:adventure/adventuring_time": {
    "criteria": {
      "minecraft:snowy_slopes": "2024-09-26 06:17:06 +0000",
      "minecraft:birch_forest": "2024-09-26 05:50:00 +0000",
      "minecraft:river": "2024-09-26 06:29:05 +0000",
      "minecraft:forest": "2024-09-26 05:43:30 +0000",
      "minecraft:meadow": "2024-09-26 06:07:26 +0000",
      "minecraft:plains": "2024-09-22 06:06:38 +0000"
    },
    "done": false
  },
  "spartanweaponry:recipes/spartanweaponry.basic/wooden_scythe": {
    "criteria": {
      "has_wood": "2024-09-26 05:47:07 +0000"
    },
    "done": true
  },
  "valhelsia_furniture:recipes/valhelsia_furniture/brown_dark_oak_chair": {
    "criteria": {
      "has_dark_oak_planks": "2024-09-26 06:10:14 +0000"
    },
    "done": true
  },
  "minecraft:recipes/misc/book": {
    "criteria": {
      "has_paper": "2024-09-26 06:11:03 +0000"
    },
    "done": true
  },
  "spartanweaponry:recipes/spartanweaponry.basic/wooden_javelin": {
    "criteria": {
      "has_wood": "2024-09-26 05:47:07 +0000"
    },
    "done": true
  },
  "incendium:technical/using/ragnarok": {
    "criteria": {
      "log_spam_fixer": "2024-09-22 06:06:38 +0000"
    },
    "done": false
  },
  "spartanweaponry:recipes/spartanweaponry.arrows_bolts/diamond_arrow": {
    "criteria": {
      "has_bow": "2024-09-26 05:44:15 +0000"
    },
    "done": true
  },
  "skilltree:recipes/skilltree/armored_quiver": {
    "criteria": {
      "has_ingots_iron": "2024-09-26 05:57:50 +0000"
    },
    "done": true
  },
  "minecraft:recipes/combat/stone_sword": {
    "criteria": {
      "has_cobblestone": "2024-09-26 05:47:52 +0000"
    },
    "done": true
  },
  "minecraft:recipes/decorations/barrel": {
    "criteria": {
      "has_planks": "2024-09-26 05:47:07 +0000"
    },
    "done": true
  },
  "minecraft:recipes/decorations/cobblestone_wall": {
    "criteria": {
      "has_cobblestone": "2024-09-26 05:47:52 +0000"
    },
    "done": true
  },
  "1_splatus:weapon/a": {
    "criteria": {
      "dagger": "2024-09-26 05:45:37 +0000"
    },
    "done": false
  },
  "mcwbridges:recipes/balustrade_stone_bricks_bridge": {
    "criteria": {
      "has_planks": "2024-09-26 06:10:51 +0000"
    },
    "done": true
  },
  "minecraft:recipes/brewing/fermented_spider_eye": {
    "criteria": {
      "has_spider_eye": "2024-09-26 06:20:18 +0000"
    },
    "done": true
  },
  "minecraft:recipes/misc/iron_ingot_from_smelting_raw_iron": {
    "criteria": {
      "has_raw_iron": "2024-09-26 05:52:39 +0000"
    },
    "done": true
  },
  "spartanweaponry:recipes/spartanweaponry.basic/stone_halberd": {
    "criteria": {
      "has_cobblestone": "2024-09-26 05:47:52 +0000"
    },
    "done": true
  },
  "minecraft:recipes/tools/stone_pickaxe": {
    "criteria": {
      "has_cobblestone": "2024-09-26 05:47:52 +0000"
    },
    "done": true
  },
  "minecraft:recipes/decorations/smithing_table": {
    "criteria": {
      "has_iron_ingot": "2024-09-26 05:57:50 +0000"
    },
    "done": true
  },
  "mcwbridges:recipes/dark_oak_rail_bridge": {
    "criteria": {
      "has_planks": "2024-09-26 06:10:14 +0000"
    },
    "done": true
  },
  "incendium:technical/holy_wrath": {
    "criteria": {
      "log_spam_fixer": "2024-09-26 06:40:29 +0000"
    },
    "done": false
  },
  "spartanweaponry:recipes/spartanweaponry.arrows_bolts/wooden_arrow": {
    "criteria": {
      "has_bow": "2024-09-26 05:44:15 +0000"
    },
    "done": true
  },
  "valhelsia_furniture:recipes/valhelsia_furniture/dark_oak_chair": {
    "criteria": {
      "has_dark_oak_planks": "2024-09-26 06:10:14 +0000"
    },
    "done": true
  },
  "minecraft:recipes/decorations/deepslate_tile_wall_from_deepslate_tiles_stonecutting": {
    "criteria": {
      "has_deepslate_tiles": "2024-09-26 06:09:47 +0000"
    },
    "done": true
  },
  "minecraft:recipes/combat/leather_boots": {
    "criteria": {
      "has_leather": "2024-09-26 05:54:58 +0000"
    },
    "done": true
  },
  "aquaculture:recipes/misc/bonemeal_from_fish_bones": {
    "criteria": {
      "has_items": "2024-09-22 06:06:36 +0000"
    },
    "done": true
  },
  "valhelsia_furniture:recipes/valhelsia_furniture/white_oak_chair": {
    "criteria": {
      "has_oak_planks": "2024-09-26 05:47:07 +0000"
    },
    "done": true
  },
  "spartanweaponry:recipes/spartanweaponry.basic/wooden_saber": {
    "criteria": {
      "has_wood": "2024-09-26 05:47:07 +0000"
    },
    "done": true
  },
  "minecraft:recipes/decorations/cobblestone_wall_from_cobblestone_stonecutting": {
    "criteria": {
      "has_cobblestone": "2024-09-26 05:47:52 +0000"
    },
    "done": true
  },
  "aquaculture:recipes/misc/gold_nugget_from_blasting": {
    "criteria": {
      "has_fishing_rod": "2024-09-22 06:06:36 +0000",
      "has_fillet_knife": "2024-09-22 06:06:36 +0000"
    },
    "done": true
  },
  "aquaculture:recipes/aquaculture/heavy_hook": {
    "criteria": {
      "has_items": "2024-09-22 06:06:36 +0000"
    },
    "done": true
  },
  "valhelsia_furniture:recipes/valhelsia_furniture/pink_upholstered_oak_chair": {
    "criteria": {
      "has_oak_planks": "2024-09-26 05:47:07 +0000"
    },
    "done": true
  },
  "valhelsia_furniture:recipes/valhelsia_furniture/red_upholstered_oak_chair": {
    "criteria": {
      "has_oak_planks": "2024-09-26 05:47:07 +0000"
    },
    "done": true
  },
  "valhelsia_furniture:recipes/valhelsia_furniture/lime_upholstered_dark_oak_chair": {
    "criteria": {
      "has_dark_oak_planks": "2024-09-26 06:10:14 +0000"
    },
    "done": true
  },
  "mcwbridges:recipes/balustrade_deepslate_tiles_bridge": {
    "criteria": {
      "has_planks": "2024-09-26 06:09:47 +0000"
    },
    "done": true
  },
  "spartanweaponry:recipes/spartanweaponry.basic/wooden_longsword": {
    "criteria": {
      "has_wood": "2024-09-26 05:47:07 +0000"
    },
    "done": true
  },
  "spartanweaponry:recipes/spartanweaponry.basic/copper_pike": {
    "criteria": {
      "has_copper_ingot": "2024-09-26 05:44:18 +0000"
    },
    "done": true
  },
  "spartanweaponry:recipes/spartanweaponry.basic/golden_glaive": {
    "criteria": {
      "has_gold_ingot": "2024-09-26 05:43:56 +0000"
    },
    "done": true
  },
  "aquaculture:recipes/aquaculture/double_hook": {
    "criteria": {
      "has_items": "2024-09-22 06:06:36 +0000"
    },
    "done": true
  },
  "dungeons_arise:wda_root": {
    "criteria": {
      "WDA": "2024-09-22 06:06:36 +0000"
    },
    "done": true
  },
  "spartanweaponry:recipes/spartanweaponry.basic/wooden_tomahawk": {
    "criteria": {
      "has_wood": "2024-09-26 05:47:07 +0000"
    },
    "done": true
  },
  "spartanweaponry:recipes/spartanweaponry.basic/grease_ball": {
    "criteria": {
      "has_meat": "2024-09-26 05:54:58 +0000"
    },
    "done": true
  },
  "spartanweaponry:recipes/spartanweaponry.basic/wooden_heavy_crossbow": {
    "criteria": {
      "has_wood": "2024-09-26 05:47:07 +0000"
    },
    "done": true
  },
  "utilitix:recipes/utilitix/reinforced_rail": {
    "criteria": {
      "criterion2": "2024-09-26 05:47:12 +0000"
    },
    "done": true
  },
  "minecraft:recipes/decorations/lantern": {
    "criteria": {
      "has_iron_nugget": "2024-09-26 05:43:58 +0000"
    },
    "done": true
  },
  "valhelsia_furniture:recipes/valhelsia_furniture/oak_table": {
    "criteria": {
      "has_oak_planks": "2024-09-26 05:47:07 +0000"
    },
    "done": true
  },
  "utilitix:recipes/utilitix/highspeed_rail": {
    "criteria": {
      "criterion1": "2024-09-26 05:47:12 +0000"
    },
    "done": true
  },
  "spartanweaponry:recipes/spartanweaponry.basic/stone_pike": {
    "criteria": {
      "has_cobblestone": "2024-09-26 05:47:52 +0000"
    },
    "done": true
  },
  "spartanweaponry:recipes/spartanweaponry.basic/wooden_lance": {
    "criteria": {
      "has_wood": "2024-09-26 05:47:07 +0000"
    },
    "done": true
  },
  "valhelsia_furniture:recipes/valhelsia_furniture/black_upholstered_dark_oak_chair": {
    "criteria": {
      "has_dark_oak_planks": "2024-09-26 06:10:14 +0000"
    },
    "done": true
  },
  "aquaculture:recipes/decorations/birch_fish_mount": {
    "criteria": {
      "has_items": "2024-09-22 06:06:36 +0000"
    },
    "done": true
  },
  "spartanweaponry:recipes/spartanweaponry.basic/wooden_greatsword": {
    "criteria": {
      "has_wood": "2024-09-26 05:47:07 +0000"
    },
    "done": true
  },
  "aquaculture:recipes/aquaculture/bobber": {
    "criteria": {
      "has_items": "2024-09-22 06:06:36 +0000"
    },
    "done": true
  },
  "valhelsia_furniture:recipes/valhelsia_furniture/dark_oak_desk": {
    "criteria": {
      "has_dark_oak_planks": "2024-09-26 06:10:14 +0000"
    },
    "done": true
  },
  "minecraft:recipes/food/cooked_chicken": {
    "criteria": {
      "has_chicken": "2024-09-26 05:57:07 +0000"
    },
    "done": true
  },
  "skilltree:recipes/skilltree/silent_quiver": {
    "criteria": {
      "has_feather": "2024-09-26 05:57:07 +0000"
    },
    "done": true
  },
  "minecraft:recipes/tools/stone_axe": {
    "criteria": {
      "has_cobblestone": "2024-09-26 05:47:52 +0000"
    },
    "done": true
  },
  "minecraft:recipes/building_blocks/raw_iron_block": {
    "criteria": {
      "has_raw_iron": "2024-09-26 05:52:39 +0000"
    },
    "done": true
  },
  "minecraft:recipes/misc/fire_charge": {
    "criteria": {
      "has_blaze_powder": "2024-09-26 05:57:52 +0000"
    },
    "done": true
  },
  "valhelsia_furniture:recipes/valhelsia_furniture/yellow_oak_chair": {
    "criteria": {
      "has_oak_planks": "2024-09-26 05:47:07 +0000"
    },
    "done": true
  },
  "minecraft:recipes/building_blocks/deepslate_tile_stairs": {
    "criteria": {
      "has_deepslate_tiles": "2024-09-26 06:09:47 +0000"
    },
    "done": true
  },
  "mcwbridges:recipes/stone_bridge_pier": {
    "criteria": {
      "has_planks": "2024-09-26 06:10:51 +0000"
    },
    "done": true
  },
  "tombstone:adventure/ambush": {
    "criteria": {
      "coded_trigger": "2024-09-26 05:55:57 +0000"
    },
    "done": true
  },
  "valhelsia_furniture:recipes/valhelsia_furniture/red_dark_oak_chair": {
    "criteria": {
      "has_dark_oak_planks": "2024-09-26 06:10:14 +0000"
    },
    "done": true
  },
  "spartanshields:recipes/spartanshields/stone_tower_shield": {
    "criteria": {
      "has_cobblestone": "2024-09-26 05:47:52 +0000"
    },
    "done": true
  },
  "spartanweaponry:recipes/spartanweaponry.basic/iron_scythe": {
    "criteria": {
      "has_iron_ingot": "2024-09-26 05:57:50 +0000"
    },
    "done": true
  },
  "incendium:technical/on_block": {
    "criteria": {
      "log_spam_fixer": "2024-09-26 06:40:29 +0000"
    },
    "done": false
  },
  "minecraft:recipes/building_blocks/cobblestone_stairs_from_cobblestone_stonecutting": {
    "criteria": {
      "has_cobblestone": "2024-09-26 05:47:52 +0000"
    },
    "done": true
  },
  "aquaculture:recipes/aquaculture/note_hook": {
    "criteria": {
      "has_items": "2024-09-22 06:06:36 +0000"
    },
    "done": true
  },
  "minecraft:recipes/misc/wheat": {
    "criteria": {
      "has_hay_block": "2024-09-26 06:11:39 +0000"
    },
    "done": true
  },
  "valhelsia_furniture:recipes/valhelsia_furniture/yellow_crimson_table": {
    "criteria": {
      "has_yellow_carpet": "2024-09-26 06:13:32 +0000"
    },
    "done": true
  },
  "minecraft:recipes/building_blocks/stone_brick_slab_from_stone_bricks_stonecutting": {
    "criteria": {
      "has_stone_bricks": "2024-09-26 06:10:51 +0000"
    },
    "done": true
  },
  "valhelsia_structures:recipes/valhelsia_structures_main/cyan_metal_framed_glass": {
    "criteria": {
      "has_ingots/iron": "2024-09-26 05:57:50 +0000"
    },
    "done": true
  },
  "valhelsia_furniture:recipes/valhelsia_furniture/hay_jungle_chair": {
    "criteria": {
      "has_hay_block": "2024-09-26 06:11:39 +0000"
    },
    "done": true
  },
  "minecraft:recipes/decorations/candle": {
    "criteria": {
      "has_string": "2024-09-26 05:44:18 +0000"
    },
    "done": true
  },
  "minecraft:recipes/decorations/campfire": {
    "criteria": {
      "has_stick": "2024-09-26 05:47:12 +0000"
    },
    "done": true
  },
  "spartanweaponry:recipes/spartanweaponry.basic/iron_lance": {
    "criteria": {
      "has_iron_ingot": "2024-09-26 05:57:50 +0000"
    },
    "done": true
  },
  "spartanweaponry:recipes/spartanweaponry.arrows_bolts/copper_arrow": {
    "criteria": {
      "has_bow": "2024-09-26 05:44:15 +0000"
    },
    "done": true
  },
  "minecraft:recipes/tools/golden_hoe": {
    "criteria": {
      "has_gold_ingot": "2024-09-26 05:43:56 +0000"
    },
    "done": true
  },
  "minecraft:recipes/food/bread": {
    "criteria": {
      "has_wheat": "2024-09-26 06:13:27 +0000"
    },
    "done": true
  },
  "mcwbridges:recipes/asian_red_bridge": {
    "criteria": {
      "has_planks": "2024-09-26 05:47:07 +0000"
    },
    "done": true
  },
  "valhelsia_furniture:recipes/valhelsia_furniture/light_gray_upholstered_oak_chair": {
    "criteria": {
      "has_oak_planks": "2024-09-26 05:47:07 +0000"
    },
    "done": true
  },
  "minecraft:recipes/misc/iron_nugget": {
    "criteria": {
      "has_iron_ingot": "2024-09-26 05:57:50 +0000"
    },
    "done": true
  },
  "repurposed_structures:witch_huts": {
    "criteria": {
      "in_witch_hut_oak": "2024-09-26 06:26:07 +0000"
    },
    "done": false
  },
  "utilitix:recipes/utilitix/filter_rail": {
    "criteria": {
      "criterion1": "2024-09-26 05:43:58 +0000"
    },
    "done": true
  },
  "blue_skies:recipes/food/cake_compat": {
    "criteria": {
      "has_item": "2024-09-26 05:57:07 +0000"
    },
    "done": true
  },
  "aquaculture:recipes/food/cooked_fish_fillet_from_campfire": {
    "criteria": {
      "has_items": "2024-09-22 06:06:36 +0000"
    },
    "done": true
  },
  "spartanweaponry:recipes/spartanweaponry.basic/iron_spear": {
    "criteria": {
      "has_iron_ingot": "2024-09-26 05:57:50 +0000"
    },
    "done": true
  },
  "skilltree:recipes/skilltree/quiver": {
    "criteria": {
      "has_leather": "2024-09-26 05:54:58 +0000"
    },
    "done": true
  },
  "tombstone:adventure/cancel_ghostly_shape": {
    "criteria": {
      "coded_trigger": "2024-09-26 05:45:10 +0000"
    },
    "done": true
  },
  "valhelsia_structures:recipes/valhelsia_structures_main/bone_pile": {
    "criteria": {
      "has_bone": "2024-09-26 05:44:15 +0000"
    },
    "done": true
  },
  "spartanweaponry:recipes/spartanweaponry.basic/iron_heavy_crossbow": {
    "criteria": {
      "has_iron_ingot": "2024-09-26 05:57:50 +0000"
    },
    "done": true
  },
  "minecraft:recipes/transportation/spruce_boat": {
    "criteria": {
      "in_water": "2024-09-26 06:29:06 +0000"
    },
    "done": true
  },
  "valhelsia_furniture:recipes/valhelsia_furniture/green_upholstered_oak_chair": {
    "criteria": {
      "has_oak_planks": "2024-09-26 05:47:07 +0000"
    },
    "done": true
  },
  "aquaculture:recipes/tools/wooden_fillet_knife": {
    "criteria": {
      "has_items": "2024-09-26 05:47:12 +0000"
    },
    "done": true
  },
  "minecraft:recipes/building_blocks/cracked_stone_bricks": {
    "criteria": {
      "has_stone_bricks": "2024-09-26 06:10:51 +0000"
    },
    "done": true
  },
  "spartanweaponry:recipes/spartanweaponry.basic/copper_glaive": {
    "criteria": {
      "has_copper_ingot": "2024-09-26 05:44:18 +0000"
    },
    "done": true
  },
  "spartanweaponry:recipes/spartanweaponry.basic/pole_from_leather": {
    "criteria": {
      "has_stick": "2024-09-26 05:47:12 +0000"
    },
    "done": true
  },
  "spartanweaponry:recipes/spartanweaponry.arrows_bolts/netherite_arrow": {
    "criteria": {
      "has_bow": "2024-09-26 05:44:15 +0000"
    },
    "done": true
  },
  "spartanweaponry:recipes/spartanweaponry.arrows_bolts/diamond_bolt": {
    "criteria": {
      "has_feather": "2024-09-26 05:57:07 +0000"
    },
    "done": true
  },
  "utilitix:recipes/utilitix/directional_highspeed_rail": {
    "criteria": {
      "criterion3": "2024-09-26 05:43:58 +0000"
    },
    "done": true
  },
  "spartanweaponry:recipes/spartanweaponry.basic/iron_parrying_dagger": {
    "criteria": {
      "has_iron_ingot": "2024-09-26 05:57:50 +0000"
    },
    "done": true
  },
  "valhelsia_structures:recipes/valhelsia_structures_main/brown_metal_framed_glass": {
    "criteria": {
      "has_ingots/iron": "2024-09-26 05:57:50 +0000"
    },
    "done": true
  },
  "minecraft:recipes/misc/gold_nugget": {
    "criteria": {
      "has_gold_ingot": "2024-09-26 05:43:56 +0000"
    },
    "done": true
  },
  "tombstone:adventure/find_grave_dust": {
    "criteria": {
      "from_undead": "2024-09-26 05:47:17 +0000"
    },
    "done": true
  },
  "spartanweaponry:recipes/spartanweaponry.basic/cestus": {
    "criteria": {
      "has_leather": "2024-09-26 05:54:58 +0000"
    },
    "done": true
  },
  "valhelsia_furniture:recipes/valhelsia_furniture/light_gray_upholstered_dark_oak_chair": {
    "criteria": {
      "has_dark_oak_planks": "2024-09-26 06:10:14 +0000"
    },
    "done": true
  },
  "minecraft:husbandry/balanced_diet": {
    "criteria": {
      "cooked_beef": "2024-09-26 06:05:48 +0000",
      "apple": "2024-09-26 06:02:26 +0000",
      "bread": "2024-09-26 06:13:31 +0000",
      "golden_apple": "2024-09-26 05:46:00 +0000"
    },
    "done": false
  },
  "tombstone:recipes/from_grave_key": {
    "criteria": {
      "has_ingredient": "2024-09-26 05:44:26 +0000"
    },
    "done": true
  },
  "minecraft:recipes/tools/wooden_hoe": {
    "criteria": {
      "has_stick": "2024-09-26 05:47:12 +0000"
    },
    "done": true
  },
  "aquaculture:recipes/misc/neptunium_ingot_from_nuggets": {
    "criteria": {
      "has_items": "2024-09-22 06:06:36 +0000"
    },
    "done": true
  },
  "utilitix:recipes/utilitix/tiny_coal_to_tiny": {
    "criteria": {
      "criterion0": "2024-09-26 05:50:06 +0000"
    },
    "done": true
  },
  "spartanweaponry:recipes/spartanweaponry.basic/iron_battleaxe": {
    "criteria": {
      "has_iron_ingot": "2024-09-26 05:57:50 +0000"
    },
    "done": true
  },
  "minecraft:recipes/misc/bucket": {
    "criteria": {
      "has_iron_ingot": "2024-09-26 05:57:50 +0000"
    },
    "done": true
  },
  "spartanweaponry:recipes/spartanweaponry.basic/wooden_glaive": {
    "criteria": {
      "has_wood": "2024-09-26 05:47:07 +0000"
    },
    "done": true
  },
  "spartanweaponry:recipes/spartanweaponry.basic/copper_tomahawk": {
    "criteria": {
      "has_copper_ingot": "2024-09-26 05:44:18 +0000"
    },
    "done": true
  },
  "valhelsia_furniture:recipes/valhelsia_furniture/blue_upholstered_dark_oak_chair": {
    "criteria": {
      "has_dark_oak_planks": "2024-09-26 06:10:14 +0000"
    },
    "done": true
  },
  "minecraft:recipes/building_blocks/cobblestone_stairs": {
    "criteria": {
      "has_cobblestone": "2024-09-26 05:47:52 +0000"
    },
    "done": true
  },
  "aquaculture:recipes/tools/gold_fillet_knife": {
    "criteria": {
      "has_items": "2024-09-26 05:43:56 +0000"
    },
    "done": true
  },
  "minecraft:recipes/building_blocks/stone_brick_stairs_from_stone_bricks_stonecutting": {
    "criteria": {
      "has_stone_bricks": "2024-09-26 06:10:51 +0000"
    },
    "done": true
  },
  "skilltree:recipes/skilltree/assassin_necklace": {
    "criteria": {
      "has_bone": "2024-09-26 05:44:15 +0000"
    },
    "done": true
  },
  "mcwbridges:recipes/cobblestone_bridge_pier": {
    "criteria": {
      "has_planks": "2024-09-26 05:47:52 +0000"
    },
    "done": true
  },
  "aquaculture:recipes/misc/gold_nugget_from_gold_fish": {
    "criteria": {
      "has_items": "2024-09-22 06:06:36 +0000"
    },
    "done": true
  },
  "tombstone:adventure/first_grave": {
    "criteria": {
      "coded_trigger": "2024-09-26 05:44:25 +0000"
    },
    "done": true
  },
  "utilitix:recipes/utilitix/linked_crystal": {
    "criteria": {
      "criterion1": "2024-09-26 06:10:44 +0000"
    },
    "done": true
  },
  "aquaculture:recipes/food/cooked_fish_fillet_from_smoking": {
    "criteria": {
      "has_items": "2024-09-22 06:06:36 +0000"
    },
    "done": true
  },
  "incendium:technical/using/shield": {
    "criteria": {
      "log_spam_fixer": "2024-09-22 06:06:38 +0000"
    },
    "done": false
  },
  "minecraft:recipes/building_blocks/hay_block": {
    "criteria": {
      "has_wheat": "2024-09-26 06:13:27 +0000"
    },
    "done": true
  },
  "minecraft:recipes/misc/leather_horse_armor": {
    "criteria": {
      "has_leather": "2024-09-26 05:54:58 +0000"
    },
    "done": true
  },
  "mcwbridges:recipes/asian_red_bridge_pier": {
    "criteria": {
      "has_planks": "2024-09-26 05:47:07 +0000"
    },
    "done": true
  },
  "minecraft:recipes/combat/iron_helmet": {
    "criteria": {
      "has_iron_ingot": "2024-09-26 05:57:50 +0000"
    },
    "done": true
  },
  "minecraft:recipes/tools/golden_shovel": {
    "criteria": {
      "has_gold_ingot": "2024-09-26 05:43:56 +0000"
    },
    "done": true
  },
  "minecraft:recipes/combat/bow": {
    "criteria": {
      "has_string": "2024-09-26 05:44:18 +0000"
    },
    "done": true
  },
  "valhelsia_furniture:recipes/valhelsia_furniture/orange_oak_chair": {
    "criteria": {
      "has_oak_planks": "2024-09-26 05:47:07 +0000"
    },
    "done": true
  },
  "minecraft:recipes/food/cooked_chicken_from_smoking": {
    "criteria": {
      "has_chicken": "2024-09-26 05:57:07 +0000"
    },
    "done": true
  },
  "minecraft:recipes/redstone/oak_fence_gate": {
    "criteria": {
      "has_planks": "2024-09-26 05:47:07 +0000"
    },
    "done": true
  },
  "spartanshields:recipes/spartanshields/stone_basic_shield": {
    "criteria": {
      "has_cobblestone": "2024-09-26 05:47:52 +0000"
    },
    "done": true
  },
  "valhelsia_furniture:recipes/valhelsia_furniture/magenta_dark_oak_chair": {
    "criteria": {
      "has_dark_oak_planks": "2024-09-26 06:10:14 +0000"
    },
    "done": true
  },
  "aquaculture:recipes/misc/neptunium_ingot_from_neptunium_block": {
    "criteria": {
      "has_items": "2024-09-22 06:06:36 +0000"
    },
    "done": true
  },
  "spartanweaponry:recipes/spartanweaponry.basic/simple_handle": {
    "criteria": {
      "has_stick": "2024-09-26 05:47:12 +0000"
    },
    "done": true
  },
  "spartanweaponry:collect_heads": {
    "criteria": {
      "spider_head": "2024-09-26 06:20:18 +0000"
    },
    "done": false
  },
  "1_splatus:unlocked/windsweeper": {
    "criteria": {
      "blowgun": "2024-09-26 05:57:07 +0000"
    },
    "done": true
  },
  "valhelsia_furniture:recipes/valhelsia_furniture/red_oak_chair": {
    "criteria": {
      "has_oak_planks": "2024-09-26 05:47:07 +0000"
    },
    "done": true
  },
  "valhelsia_furniture:recipes/valhelsia_furniture/hay_dark_oak_chair": {
    "criteria": {
      "has_dark_oak_planks": "2024-09-26 06:10:14 +0000"
    },
    "done": true
  },
  "aquaculture:recipes/aquaculture/light_hook": {
    "criteria": {
      "has_items": "2024-09-22 06:06:36 +0000"
    },
    "done": true
  },
  "valhelsia_furniture:recipes/valhelsia_furniture/lime_dark_oak_chair": {
    "criteria": {
      "has_dark_oak_planks": "2024-09-26 06:10:14 +0000"
    },
    "done": true
  },
  "valhelsia_furniture:recipes/valhelsia_furniture/yellow_dark_oak_chair": {
    "criteria": {
      "has_dark_oak_planks": "2024-09-26 06:10:14 +0000"
    },
    "done": true
  },
  "spartanweaponry:recipes/spartanweaponry.basic/stone_longsword": {
    "criteria": {
      "has_cobblestone": "2024-09-26 05:47:52 +0000"
    },
    "done": true
  },
  "minecraft:story/mine_stone": {
    "criteria": {
      "get_stone": "2024-09-26 05:47:52 +0000"
    },
    "done": true
  },
  "minecraft:recipes/redstone/target": {
    "criteria": {
      "has_hay_block": "2024-09-26 06:11:39 +0000"
    },
    "done": true
  },
  "spartanweaponry:recipes/spartanweaponry.basic/wooden_spear": {
    "criteria": {
      "has_wood": "2024-09-26 05:47:07 +0000"
    },
    "done": true
  },
  "valhelsia_furniture:recipes/valhelsia_furniture/yellow_dark_oak_table": {
    "criteria": {
      "has_yellow_carpet": "2024-09-26 06:13:32 +0000"
    },
    "done": true
  },
  "minecraft:recipes/decorations/furnace": {
    "criteria": {
      "has_cobblestone": "2024-09-26 05:47:52 +0000"
    },
    "done": true
  },
  "minecraft:recipes/transportation/minecart": {
    "criteria": {
      "has_iron_ingot": "2024-09-26 05:57:50 +0000"
    },
    "done": true
  },
  "skilltree:recipes/skilltree/scholar_necklace": {
    "criteria": {
      "has_ender_pearl": "2024-09-26 05:57:51 +0000"
    },
    "done": true
  },
  "spartanweaponry:recipes/spartanweaponry.basic/iron_glaive": {
    "criteria": {
      "has_iron_ingot": "2024-09-26 05:57:50 +0000"
    },
    "done": true
  },
  "spartanweaponry:recipes/spartanweaponry.basic/copper_warhammer": {
    "criteria": {
      "has_copper_ingot": "2024-09-26 05:44:18 +0000"
    },
    "done": true
  },
  "spartanweaponry:recipes/spartanweaponry.basic/iron_longsword": {
    "criteria": {
      "has_iron_ingot": "2024-09-26 05:57:50 +0000"
    },
    "done": true
  },
  "spartanweaponry:recipes/spartanweaponry.basic/golden_quarterstaff": {
    "criteria": {
      "has_gold_ingot": "2024-09-26 05:43:56 +0000"
    },
    "done": true
  },
  "valhelsia_furniture:recipes/valhelsia_furniture/magenta_oak_chair": {
    "criteria": {
      "has_oak_planks": "2024-09-26 05:47:07 +0000"
    },
    "done": true
  },
  "minecraft:recipes/misc/charcoal": {
    "criteria": {
      "has_log": "2024-09-26 05:46:54 +0000"
    },
    "done": true
  },
  "minecraft:recipes/tools/iron_hoe": {
    "criteria": {
      "has_iron_ingot": "2024-09-26 05:57:50 +0000"
    },
    "done": true
  },
  "minecraft:recipes/tools/wooden_pickaxe": {
    "criteria": {
      "has_stick": "2024-09-26 05:47:12 +0000"
    },
    "done": true
  },
  "spartanweaponry:scythe": {
    "criteria": {
      "has_scythe": "2024-09-26 06:00:04 +0000"
    },
    "done": true
  },
  "minecraft:recipes/building_blocks/stone_brick_slab": {
    "criteria": {
      "has_stone_bricks": "2024-09-26 06:10:51 +0000"
    },
    "done": true
  },
  "minecraft:husbandry/root": {
    "criteria": {
      "consumed_item": "2024-09-26 05:43:24 +0000"
    },
    "done": true
  },
  "spartanweaponry:recipes/spartanweaponry.arrows_bolts/copper_bolt": {
    "criteria": {
      "has_feather": "2024-09-26 05:57:07 +0000"
    },
    "done": true
  },
  "minecraft:recipes/transportation/birch_boat": {
    "criteria": {
      "in_water": "2024-09-26 06:29:06 +0000"
    },
    "done": true
  },
  "minecraft:recipes/food/golden_apple": {
    "criteria": {
      "has_gold_ingot": "2024-09-26 05:43:56 +0000"
    },
    "done": true
  },
  "minecraft:recipes/tools/iron_shovel": {
    "criteria": {
      "has_iron_ingot": "2024-09-26 05:57:50 +0000"
    },
    "done": true
  },
  "spartanweaponry:recipes/spartanweaponry.basic/copper_greatsword": {
    "criteria": {
      "has_copper_ingot": "2024-09-26 05:44:18 +0000"
    },
    "done": true
  },
  "aquaculture:recipes/misc/red_mushroom_from_fish": {
    "criteria": {
      "has_items": "2024-09-22 06:06:36 +0000"
    },
    "done": true
  },
  "aquaculture:recipes/tools/diamond_fishing_rod": {
    "criteria": {
      "has_vanilla_rod": "2024-09-22 06:06:36 +0000"
    },
    "done": true
  },
  "mcwbridges:recipes/deepslate_tile_bridge": {
    "criteria": {
      "has_planks": "2024-09-26 06:09:47 +0000"
    },
    "done": true
  },
  "incendium:technical/inventory/firestorm": {
    "criteria": {
      "log_spam_fixer": "2024-09-26 06:40:29 +0000"
    },
    "done": false
  },
  "spartanweaponry:recipes/spartanweaponry.basic/iron_throwing_knife": {
    "criteria": {
      "has_iron_ingot": "2024-09-26 05:57:50 +0000"
    },
    "done": true
  },
  "spartanweaponry:recipes/spartanweaponry.basic/copper_throwing_knife": {
    "criteria": {
      "has_copper_ingot": "2024-09-26 05:44:18 +0000"
    },
    "done": true
  },
  "aquaculture:recipes/tools/stone_fillet_knife": {
    "criteria": {
      "has_items": "2024-09-26 05:47:52 +0000"
    },
    "done": true
  },
  "spartanweaponry:recipes/spartanweaponry.basic/golden_javelin": {
    "criteria": {
      "has_gold_ingot": "2024-09-26 05:43:56 +0000"
    },
    "done": true
  },
  "spartanweaponry:recipes/spartanweaponry.basic/stone_dagger": {
    "criteria": {
      "has_cobblestone": "2024-09-26 05:47:52 +0000"
    },
    "done": true
  },
  "1_splatus:spellbound_all_weapons": {
    "criteria": {
      "dagger": "2024-09-26 05:45:37 +0000"
    },
    "done": false
  },
  "valhelsia_furniture:recipes/valhelsia_furniture/white_upholstered_dark_oak_chair": {
    "criteria": {
      "has_dark_oak_planks": "2024-09-26 06:10:14 +0000"
    },
    "done": true
  },
  "spartanweaponry:recipes/spartanweaponry.basic/golden_flanged_mace": {
    "criteria": {
      "has_gold_ingot": "2024-09-26 05:43:56 +0000"
    },
    "done": true
  },
  "valhelsia_structures:recipes/valhelsia_structures_main/green_metal_framed_glass": {
    "criteria": {
      "has_ingots/iron": "2024-09-26 05:57:50 +0000"
    },
    "done": true
  },
  "minecraft:recipes/decorations/item_frame": {
    "criteria": {
      "has_leather": "2024-09-26 05:54:58 +0000"
    },
    "done": true
  },
  "minecraft:recipes/tools/stone_hoe": {
    "criteria": {
      "has_cobblestone": "2024-09-26 05:47:52 +0000"
    },
    "done": true
  },
  "valhelsia_furniture:recipes/valhelsia_furniture/white_dark_oak_chair": {
    "criteria": {
      "has_dark_oak_planks": "2024-09-26 06:10:14 +0000"
    },
    "done": true
  },
  "aquaculture:recipes/misc/iron_nugget_from_blasting": {
    "criteria": {
      "has_fishing_rod": "2024-09-22 06:06:36 +0000",
      "has_fillet_knife": "2024-09-22 06:06:36 +0000"
    },
    "done": true
  },
  "valhelsia_furniture:recipes/valhelsia_furniture/cyan_upholstered_oak_chair": {
    "criteria": {
      "has_oak_planks": "2024-09-26 05:47:07 +0000"
    },
    "done": true
  },
  "minecraft:recipes/building_blocks/dark_oak_stairs": {
    "criteria": {
      "has_planks": "2024-09-26 06:10:14 +0000"
    },
    "done": true
  },
  "aquaculture:recipes/building_blocks/planks_from_driftwood": {
    "criteria": {
      "has_items": "2024-09-22 06:06:36 +0000"
    },
    "done": true
  },
  "minecraft:recipes/decorations/end_crystal": {
    "criteria": {
      "has_ender_eye": "2024-09-26 05:57:53 +0000"
    },
    "done": true
  },
  "spartanweaponry:recipes/spartanweaponry.basic/golden_battleaxe": {
    "criteria": {
      "has_gold_ingot": "2024-09-26 05:43:56 +0000"
    },
    "done": true
  },
  "spartanweaponry:recipes/spartanweaponry.basic/golden_greatsword": {
    "criteria": {
      "has_gold_ingot": "2024-09-26 05:43:56 +0000"
    },
    "done": true
  },
  "minecraft:recipes/decorations/ender_chest": {
    "criteria": {
      "has_ender_eye": "2024-09-26 05:57:53 +0000"
    },
    "done": true
  },
  "valhelsia_furniture:recipes/valhelsia_furniture/brown_oak_chair": {
    "criteria": {
      "has_oak_planks": "2024-09-26 05:47:07 +0000"
    },
    "done": true
  },
  "utilitix:recipes/utilitix/directional_rail": {
    "criteria": {
      "criterion0": "2024-09-26 05:43:56 +0000"
    },
    "done": true
  },
  "minecraft:recipes/decorations/dark_oak_sign": {
    "criteria": {
      "has_planks": "2024-09-26 06:10:14 +0000"
    },
    "done": true
  },
  "spartanweaponry:recipes/spartanweaponry.basic/copper_quarterstaff": {
    "criteria": {
      "has_copper_ingot": "2024-09-26 05:44:18 +0000"
    },
    "done": true
  },
  "spartanweaponry:recipes/spartanweaponry.basic/stone_quarterstaff": {
    "criteria": {
      "has_cobblestone": "2024-09-26 05:47:52 +0000"
    },
    "done": true
  },
  "spartanweaponry:recipes/spartanweaponry.basic/copper_battle_hammer": {
    "criteria": {
      "has_copper_ingot": "2024-09-26 05:44:18 +0000"
    },
    "done": true
  },
  "valhelsia_structures:recipes/valhelsia_structures_main/birch_post": {
    "criteria": {
      "has_item": "2024-09-26 05:48:35 +0000"
    },
    "done": true
  },
  "utilitix:recipes/utilitix/reinforced_filter_rail": {
    "criteria": {
      "criterion1": "2024-09-26 05:43:58 +0000"
    },
    "done": true
  },
  "spartanweaponry:recipes/spartanweaponry.basic/copper_flanged_mace": {
    "criteria": {
      "has_copper_ingot": "2024-09-26 05:44:18 +0000"
    },
    "done": true
  },
  "spartanweaponry:recipes/spartanweaponry.basic/copper_scythe": {
    "criteria": {
      "has_copper_ingot": "2024-09-26 05:44:18 +0000"
    },
    "done": true
  },
  "valhelsia_structures:recipes/valhelsia_structures_main/lime_metal_framed_glass": {
    "criteria": {
      "has_ingots/iron": "2024-09-26 05:57:50 +0000"
    },
    "done": true
  },
  "spartanweaponry:recipes/spartanweaponry.basic/medium_quiver_upgrade_kit": {
    "criteria": {
      "has_gold_ingot": "2024-09-26 05:43:56 +0000"
    },
    "done": true
  },
  "incendium:technical/feed_ghastling": {
    "criteria": {
      "log_spam_fixer": "2024-09-26 06:40:29 +0000"
    },
    "done": false
  },
  "valhelsia_furniture:recipes/valhelsia_furniture/magenta_upholstered_dark_oak_chair": {
    "criteria": {
      "has_dark_oak_planks": "2024-09-26 06:10:14 +0000"
    },
    "done": true
  },
  "tombstone:adventure/first_knowledge": {
    "criteria": {
      "coded_trigger": "2024-09-26 05:47:17 +0000"
    },
    "done": true
  },
  "minecraft:story/upgrade_tools": {
    "criteria": {
      "stone_pickaxe": "2024-09-26 05:48:11 +0000"
    },
    "done": true
  },
  "skilltree:recipes/skilltree/iron_ring": {
    "criteria": {
      "has_nuggets_iron": "2024-09-26 05:43:58 +0000"
    },
    "done": true
  },
  "aquaculture:recipes/aquaculture/fishing_line": {
    "criteria": {
      "has_items": "2024-09-22 06:06:36 +0000"
    },
    "done": true
  },
  "minecraft:recipes/transportation/oak_boat": {
    "criteria": {
      "in_water": "2024-09-26 06:29:06 +0000"
    },
    "done": true
  },
  "aquaculture:recipes/misc/neptinium_ingot_from_blasting": {
    "criteria": {
      "has_leggings": "2024-09-22 06:06:36 +0000",
      "has_axe": "2024-09-22 06:06:36 +0000",
      "has_helmet": "2024-09-22 06:06:36 +0000",
      "has_fishing_rod": "2024-09-22 06:06:36 +0000",
      "has_bow": "2024-09-22 06:06:36 +0000",
      "has_chestplate": "2024-09-22 06:06:36 +0000",
      "has_sword": "2024-09-22 06:06:36 +0000",
      "has_fillet_knife": "2024-09-22 06:06:36 +0000",
      "has_shovel": "2024-09-22 06:06:36 +0000",
      "has_hoe": "2024-09-22 06:06:36 +0000",
      "has_boots": "2024-09-22 06:06:36 +0000",
      "has_pickaxe": "2024-09-22 06:06:36 +0000"
    },
    "done": true
  },
  "spartanweaponry:recipes/spartanweaponry.basic/handle_from_string": {
    "criteria": {
      "has_string": "2024-09-26 05:44:18 +0000"
    },
    "done": true
  },
  "incendium:technical/on_inventory_change": {
    "criteria": {
      "log_spam_fixer": "2024-09-26 06:40:29 +0000"
    },
    "done": false
  },
  "minecraft:recipes/building_blocks/stone_brick_stairs": {
    "criteria": {
      "has_stone_bricks": "2024-09-26 06:10:51 +0000"
    },
    "done": true
  },
  "mcwbridges:recipes/deepslate_tile_bridge_pier": {
    "criteria": {
      "has_planks": "2024-09-26 06:09:47 +0000"
    },
    "done": true
  },
  "spartanweaponry:recipes/spartanweaponry.basic/stone_flanged_mace": {
    "criteria": {
      "has_cobblestone": "2024-09-26 05:47:52 +0000"
    },
    "done": true
  },
  "minecraft:recipes/combat/golden_boots": {
    "criteria": {
      "has_gold_ingot": "2024-09-26 05:43:56 +0000"
    },
    "done": true
  },
  "skilltree:recipes/skilltree/gilded_quiver": {
    "criteria": {
      "has_ingots_gold": "2024-09-26 05:43:56 +0000"
    },
    "done": true
  },
  "valhelsia_furniture:recipes/valhelsia_furniture/orange_upholstered_oak_chair": {
    "criteria": {
      "has_oak_planks": "2024-09-26 05:47:07 +0000"
    },
    "done": true
  },
  "valhelsia_furniture:recipes/valhelsia_furniture/light_blue_upholstered_oak_chair": {
    "criteria": {
      "has_oak_planks": "2024-09-26 05:47:07 +0000"
    },
    "done": true
  },
  "utilitix:recipes/utilitix/experience_crystal": {
    "criteria": {
      "criterion1": "2024-09-26 06:10:44 +0000"
    },
    "done": true
  },
  "skilltree:recipes/skilltree/copper_nugget": {
    "criteria": {
      "has_ingots_copper": "2024-09-26 05:44:18 +0000"
    },
    "done": true
  },
  "minecraft:recipes/tools/wooden_axe": {
    "criteria": {
      "has_stick": "2024-09-26 05:47:12 +0000"
    },
    "done": true
  },
  "valhelsia_furniture:recipes/valhelsia_furniture/white_upholstered_oak_chair": {
    "criteria": {
      "has_oak_planks": "2024-09-26 05:47:07 +0000"
    },
    "done": true
  },
  "aquaculture:recipes/misc/tin_can_to_iron_nugget_from_blasting": {
    "criteria": {
      "has_items": "2024-09-22 06:06:36 +0000"
    },
    "done": true
  },
  "tombstone:adventure/ashes_and_bones": {
    "criteria": {
      "coded_trigger": "2024-09-26 06:20:40 +0000"
    },
    "done": true
  },
  "minecraft:recipes/decorations/loom": {
    "criteria": {
      "has_string": "2024-09-26 05:44:18 +0000"
    },
    "done": true
  },
  "valhelsia_furniture:recipes/valhelsia_furniture/pink_dark_oak_chair": {
    "criteria": {
      "has_dark_oak_planks": "2024-09-26 06:10:14 +0000"
    },
    "done": true
  },
  "spartanweaponry:recipes/spartanweaponry.basic/copper_halberd": {
    "criteria": {
      "has_copper_ingot": "2024-09-26 05:44:18 +0000"
    },
    "done": true
  },
  "mcwbridges:recipes/oak_log_bridge_middle": {
    "criteria": {
      "has_planks": "2024-09-26 05:47:07 +0000"
    },
    "done": true
  },
  "minecraft:recipes/decorations/stone_brick_wall_from_stone_bricks_stonecutting": {
    "criteria": {
      "has_stone_bricks": "2024-09-26 06:10:51 +0000"
    },
    "done": true
  },
  "spartanweaponry:recipes/spartanweaponry.basic/iron_pike": {
    "criteria": {
      "has_iron_ingot": "2024-09-26 05:57:50 +0000"
    },
    "done": true
  },
  "valhelsia_furniture:recipes/valhelsia_furniture/oak_chair": {
    "criteria": {
      "has_oak_planks": "2024-09-26 05:47:07 +0000"
    },
    "done": true
  },
  "minecraft:recipes/building_blocks/chiseled_stone_bricks_from_stone_bricks_stonecutting": {
    "criteria": {
      "has_stone_bricks": "2024-09-26 06:10:51 +0000"
    },
    "done": true
  },
  "mcwbridges:recipes/iron_bridge_pier": {
    "criteria": {
      "has_planks": "2024-09-26 05:57:50 +0000"
    },
    "done": true
  },
  "aquaculture:recipes/food/cooked_fish_fillet": {
    "criteria": {
      "has_items": "2024-09-22 06:06:36 +0000"
    },
    "done": true
  },
  "mcwbridges:recipes/pliers": {
    "criteria": {
      "has_planks": "2024-09-26 05:57:50 +0000"
    },
    "done": true
  },
  "spartanweaponry:recipes/spartanweaponry.basic/stone_lance": {
    "criteria": {
      "has_cobblestone": "2024-09-26 05:47:52 +0000"
    },
    "done": true
  },
  "smithed.damage:v0.1.0/player/event": {
    "criteria": {
      "is_magic": "2024-09-26 05:43:08 +0000",
      "bypass_armor": "2024-09-26 05:43:28 +0000",
      "is_fire": "2024-09-26 05:45:07 +0000",
      "generic": "2024-09-26 05:43:08 +0000"
    },
    "done": false
  },
  "valhelsia_structures:recipes/valhelsia_structures_main/blue_metal_framed_glass": {
    "criteria": {
      "has_ingots/iron": "2024-09-26 05:57:50 +0000"
    },
    "done": true
  },
  "spartanweaponry:recipes/spartanweaponry.basic/iron_tomahawk": {
    "criteria": {
      "has_iron_ingot": "2024-09-26 05:57:50 +0000"
    },
    "done": true
  },
  "minecraft:recipes/combat/arrow": {
    "criteria": {
      "has_feather": "2024-09-26 05:57:07 +0000"
    },
    "done": true
  },
  "minecraft:recipes/building_blocks/coal_block": {
    "criteria": {
      "has_coal": "2024-09-26 05:50:06 +0000"
    },
    "done": true
  },
  "1_splatus:weapon/dagger": {
    "criteria": {
      "dagger": "2024-09-26 05:45:37 +0000"
    },
    "done": true
  },
  "spartanweaponry:recipes/spartanweaponry.basic/iron_javelin": {
    "criteria": {
      "has_iron_ingot": "2024-09-26 05:57:50 +0000"
    },
    "done": true
  },
  "spartanweaponry:recipes/spartanweaponry.basic/wooden_club": {
    "criteria": {
      "has_wood_log": "2024-09-26 05:46:54 +0000"
    },
    "done": true
  },
  "spartanweaponry:recipes/spartanweaponry.basic/golden_dagger": {
    "criteria": {
      "has_gold_ingot": "2024-09-26 05:43:56 +0000"
    },
    "done": true
  },
  "aquaculture:recipes/aquaculture/gold_hook": {
    "criteria": {
      "has_items": "2024-09-22 06:06:36 +0000"
    },
    "done": true
  },
  "minecraft:recipes/redstone/light_weighted_pressure_plate": {
    "criteria": {
      "has_gold_ingot": "2024-09-26 05:43:56 +0000"
    },
    "done": true
  },
  "soulslikeuniverse:soulslikeuniverse": {
    "criteria": {
      "soulslikeuniverse": "2024-09-22 06:06:36 +0000"
    },
    "done": true
  },
  "minecraft:recipes/tools/stone_shovel": {
    "criteria": {
      "has_cobblestone": "2024-09-26 05:47:52 +0000"
    },
    "done": true
  },
  "spartanweaponry:recipes/spartanweaponry.basic/iron_rapier": {
    "criteria": {
      "has_iron_ingot": "2024-09-26 05:57:50 +0000"
    },
    "done": true
  },
  "spartanweaponry:recipes/spartanweaponry.arrows_bolts/bolt": {
    "criteria": {
      "has_feather": "2024-09-26 05:57:07 +0000"
    },
    "done": true
  },
  "tombstone:adventure/root": {
    "criteria": {
      "auto": "2024-09-22 06:06:38 +0000"
    },
    "done": true
  },
  "cataclysm:root": {
    "criteria": {
      "custom_test_name": "2024-09-22 06:06:36 +0000"
    },
    "done": true
  },
  "irons_spellbooks:grant_patchouli": {
    "criteria": {
      "tick": "2024-09-22 06:06:36 +0000"
    },
    "done": true
  },
  "blue_skies:recipes/blue_skies_blocks/food_prep_table": {
    "criteria": {
      "has_item": "2024-09-26 06:03:29 +0000"
    },
    "done": true
  },
  "valhelsia_furniture:recipes/valhelsia_furniture/light_gray_oak_chair": {
    "criteria": {
      "has_oak_planks": "2024-09-26 05:47:07 +0000"
    },
    "done": true
  },
  "irons_spellbooks:irons_spellbooks/ink_root": {
    "criteria": {
      "requirement": "2024-09-26 06:10:56 +0000"
    },
    "done": true
  },
  "valhelsia_furniture:recipes/valhelsia_furniture/hay_acacia_chair": {
    "criteria": {
      "has_hay_block": "2024-09-26 06:11:39 +0000"
    },
    "done": true
  },
  "spartanweaponry:recipes/spartanweaponry.arrows_bolts/iron_arrow": {
    "criteria": {
      "has_bow": "2024-09-26 05:44:15 +0000"
    },
    "done": true
  },
  "spartanweaponry:recipes/spartanweaponry.basic/small_arrow_quiver": {
    "criteria": {
      "has_arrow": "2024-09-26 05:44:15 +0000"
    },
    "done": true
  },
  "valhelsia_structures:recipes/valhelsia_structures_main/oak_post": {
    "criteria": {
      "has_item": "2024-09-26 05:46:54 +0000"
    },
    "done": true
  },
  "minecraft:recipes/combat/golden_helmet": {
    "criteria": {
      "has_gold_ingot": "2024-09-26 05:43:56 +0000"
    },
    "done": true
  },
  "valhelsia_structures:recipes/valhelsia_structures_main/purple_metal_framed_glass": {
    "criteria": {
      "has_ingots/iron": "2024-09-26 05:57:50 +0000"
    },
    "done": true
  },
  "utilitix:recipes/utilitix/minecart_tinkerer": {
    "criteria": {
      "criterion1": "2024-09-26 05:43:58 +0000"
    },
    "done": true
  },
  "minecraft:recipes/redstone/oak_pressure_plate": {
    "criteria": {
      "has_planks": "2024-09-26 05:47:07 +0000"
    },
    "done": true
  },
  "mcwbridges:recipes/rope_oak_bridge": {
    "criteria": {
      "has_planks": "2024-09-26 05:47:07 +0000"
    },
    "done": true
  },
  "spartanshields:recipes/spartanshields/copper_tower_shield": {
    "criteria": {
      "has_copper_ingot": "2024-09-26 05:44:18 +0000"
    },
    "done": true
  },
  "valhelsia_furniture:recipes/valhelsia_furniture/hay_warped_chair": {
    "criteria": {
      "has_hay_block": "2024-09-26 06:11:39 +0000"
    },
    "done": true
  },
  "aquaculture:recipes/misc/tin_can_to_iron_nugget": {
    "criteria": {
      "has_items": "2024-09-22 06:06:36 +0000"
    },
    "done": true
  },
  "spartanweaponry:recipes/spartanweaponry.basic/stone_battleaxe": {
    "criteria": {
      "has_cobblestone": "2024-09-26 05:47:52 +0000"
    },
    "done": true
  },
  "valhelsia_furniture:recipes/valhelsia_furniture/black_dark_oak_chair": {
    "criteria": {
      "has_dark_oak_planks": "2024-09-26 06:10:14 +0000"
    },
    "done": true
  },
  "mythicmounts:summoning_staff": {
    "criteria": {
      "has_pearl": "2024-09-26 05:57:51 +0000"
    },
    "done": true
  },
  "minecraft:recipes/building_blocks/oak_wood": {
    "criteria": {
      "has_log": "2024-09-26 05:46:54 +0000"
    },
    "done": true
  },
  "valhelsia_structures:recipes/valhelsia_structures_main/white_metal_framed_glass": {
    "criteria": {
      "has_ingots/iron": "2024-09-26 05:57:50 +0000"
    },
    "done": true
  },
  "minecraft:story/root": {
    "criteria": {
      "crafting_table": "2024-09-26 05:47:09 +0000"
    },
    "done": true
  },
  "spartanweaponry:recipes/spartanweaponry.basic/iron_warhammer": {
    "criteria": {
      "has_iron_ingot": "2024-09-26 05:57:50 +0000"
    },
    "done": true
  },
  "spartanweaponry:recipes/spartanweaponry.basic/pole_from_wool": {
    "criteria": {
      "has_stick": "2024-09-26 05:47:12 +0000"
    },
    "done": true
  },
  "valhelsia_furniture:recipes/valhelsia_furniture/cyan_oak_chair": {
    "criteria": {
      "has_oak_planks": "2024-09-26 05:47:07 +0000"
    },
    "done": true
  },
  "spartanweaponry:recipes/spartanweaponry.basic/stone_parrying_dagger": {
    "criteria": {
      "has_cobblestone": "2024-09-26 05:47:52 +0000"
    },
    "done": true
  },
  "inventorypets:root": {
    "criteria": {
      "auto": "2024-09-22 06:06:38 +0000"
    },
    "done": true
  },
  "minecraft:recipes/brewing/brewing_stand": {
    "criteria": {
      "has_blaze_rod": "2024-09-26 06:18:13 +0000"
    },
    "done": true
  },
  "valhelsia_furniture:recipes/valhelsia_furniture/pink_oak_chair": {
    "criteria": {
      "has_oak_planks": "2024-09-26 05:47:07 +0000"
    },
    "done": true
  },
  "minecraft:recipes/combat/leather_chestplate": {
    "criteria": {
      "has_leather": "2024-09-26 05:54:58 +0000"
    },
    "done": true
  },
  "valhelsia_furniture:recipes/valhelsia_furniture/yellow_birch_table": {
    "criteria": {
      "has_yellow_carpet": "2024-09-26 06:13:32 +0000"
    },
    "done": true
  },
  "spartanweaponry:recipes/spartanweaponry.basic/golden_katana": {
    "criteria": {
      "has_gold_ingot": "2024-09-26 05:43:56 +0000"
    },
    "done": true
  },
  "utilitix:recipes/utilitix/comparator_redirector_down": {
    "criteria": {
      "criterion1": "2024-09-26 05:47:52 +0000"
    },
    "done": true
  },
  "spartanweaponry:recipes/spartanweaponry.basic/stone_throwing_knife": {
    "criteria": {
      "has_cobblestone": "2024-09-26 05:47:52 +0000"
    },
    "done": true
  },
  "minecraft:recipes/redstone/oak_button": {
    "criteria": {
      "has_planks": "2024-09-26 05:47:07 +0000"
    },
    "done": true
  },
  "valhelsia_furniture:recipes/valhelsia_furniture/yellow_jungle_table": {
    "criteria": {
      "has_yellow_carpet": "2024-09-26 06:13:32 +0000"
    },
    "done": true
  },
  "aquaculture:recipes/misc/iron_nugget_from_smelting": {
    "criteria": {
      "has_fishing_rod": "2024-09-22 06:06:36 +0000",
      "has_fillet_knife": "2024-09-22 06:06:36 +0000"
    },
    "done": true
  },
  "aquaculture:recipes/decorations/oak_fish_mount": {
    "criteria": {
      "has_items": "2024-09-22 06:06:36 +0000"
    },
    "done": true
  },
  "minecraft:nether/obtain_blaze_rod": {
    "criteria": {
      "blaze_rod": "2024-09-26 06:18:13 +0000"
    },
    "done": true
  },
  "majruszsdifficulty:progressive_difficulty/normal_mode": {
    "criteria": {
      "game_state": "2024-09-22 06:06:36 +0000"
    },
    "done": true
  },
  "utilitix:recipes/utilitix/crude_furnace": {
    "criteria": {
      "criterion1": "2024-09-26 05:47:52 +0000"
    },
    "done": true
  },
  "minecraft:recipes/redstone/dark_oak_pressure_plate": {
    "criteria": {
      "has_planks": "2024-09-26 06:10:14 +0000"
    },
    "done": true
  },
  "endrem:main/eyes_recipe": {
    "criteria": {
      "eyes": "2024-09-26 05:57:53 +0000"
    },
    "done": true
  },
  "valhelsia_furniture:recipes/valhelsia_furniture/purple_upholstered_oak_chair": {
    "criteria": {
      "has_oak_planks": "2024-09-26 05:47:07 +0000"
    },
    "done": true
  },
  "aquaculture:recipes/decorations/dark_oak_fish_mount": {
    "criteria": {
      "has_items": "2024-09-22 06:06:36 +0000"
    },
    "done": true
  },
  "minecraft:recipes/food/cooked_beef": {
    "criteria": {
      "has_beef": "2024-09-26 05:54:58 +0000"
    },
    "done": true
  },
  "minecraft:recipes/redstone/iron_door": {
    "criteria": {
      "has_iron_ingot": "2024-09-26 05:57:50 +0000"
    },
    "done": true
  },
  "valhelsia_furniture:recipes/valhelsia_furniture/hay_crimson_chair": {
    "criteria": {
      "has_hay_block": "2024-09-26 06:11:39 +0000"
    },
    "done": true
  },
  "spartanweaponry:recipes/spartanweaponry.basic/golden_longbow": {
    "criteria": {
      "has_gold_ingot": "2024-09-26 05:43:56 +0000"
    },
    "done": true
  },
  "valhelsia_furniture:recipes/valhelsia_furniture/purple_dark_oak_chair": {
    "criteria": {
      "has_dark_oak_planks": "2024-09-26 06:10:14 +0000"
    },
    "done": true
  },
  "mcwbridges:recipes/birch_bridge_pier": {
    "criteria": {
      "has_planks": "2024-09-26 05:48:35 +0000"
    },
    "done": true
  },
  "spartanshields:recipes/spartanshields/wooden_basic_shield": {
    "criteria": {
      "has_planks": "2024-09-26 05:47:07 +0000"
    },
    "done": true
  },
  "mcwbridges:recipes/oak_rail_bridge": {
    "criteria": {
      "has_planks": "2024-09-26 05:47:07 +0000"
    },
    "done": true
  },
  "1_splatus:unlocked/blowgun": {
    "criteria": {
      "blowgun": "2024-09-26 05:44:15 +0000"
    },
    "done": true
  },
  "incendium:technical/new_player": {
    "criteria": {
      "requirement": "2024-09-22 06:06:36 +0000"
    },
    "done": true
  },
  "spartanweaponry:recipes/spartanweaponry.basic/golden_longsword": {
    "criteria": {
      "has_gold_ingot": "2024-09-26 05:43:56 +0000"
    },
    "done": true
  },
  "minecraft:recipes/misc/iron_ingot_from_nuggets": {
    "criteria": {
      "has_iron_nugget": "2024-09-26 05:43:58 +0000"
    },
    "done": true
  },
  "minecraft:recipes/redstone/oak_door": {
    "criteria": {
      "has_planks": "2024-09-26 05:47:07 +0000"
    },
    "done": true
  },
  "spartanweaponry:recipes/spartanweaponry.basic/wooden_parrying_dagger": {
    "criteria": {
      "has_wood": "2024-09-26 05:47:07 +0000"
    },
    "done": true
  },
  "minecraft:recipes/building_blocks/cracked_deepslate_tiles": {
    "criteria": {
      "has_deepslate_tiles": "2024-09-26 06:09:47 +0000"
    },
    "done": true
  },
  "spartanweaponry:recipes/spartanweaponry.basic/golden_rapier": {
    "criteria": {
      "has_gold_ingot": "2024-09-26 05:43:56 +0000"
    },
    "done": true
  },
  "minecraft:recipes/transportation/jungle_boat": {
    "criteria": {
      "in_water": "2024-09-26 06:29:06 +0000"
    },
    "done": true
  },
  "minecraft:adventure/shoot_arrow": {
    "criteria": {
      "shot_arrow": "2024-09-26 05:53:23 +0000"
    },
    "done": true
  },
  "incendium:technical/give_ghastling": {
    "criteria": {
      "log_spam_fixer": "2024-09-26 06:40:29 +0000"
    },
    "done": false
  },
  "valhelsia_furniture:recipes/valhelsia_furniture/dark_oak_table": {
    "criteria": {
      "has_dark_oak_planks": "2024-09-26 06:10:14 +0000"
    },
    "done": true
  },
  "spartanweaponry:recipes/spartanweaponry.basic/wooden_dagger": {
    "criteria": {
      "has_wood": "2024-09-26 05:47:07 +0000"
    },
    "done": true
  },
  "mcwbridges:recipes/stone_brick_bridge": {
    "criteria": {
      "has_planks": "2024-09-26 06:10:51 +0000"
    },
    "done": true
  },
  "aquaculture:recipes/aquaculture/iron_hook": {
    "criteria": {
      "has_items": "2024-09-22 06:06:36 +0000"
    },
    "done": true
  },
  "incendium:technical/on_kill": {
    "criteria": {
      "log_spam_fixer": "2024-09-26 06:40:29 +0000"
    },
    "done": false
  },
  "minecraft:recipes/redstone/heavy_weighted_pressure_plate": {
    "criteria": {
      "has_iron_ingot": "2024-09-26 05:57:50 +0000"
    },
    "done": true
  },
  "minecraft:recipes/transportation/dark_oak_boat": {
    "criteria": {
      "in_water": "2024-09-26 06:29:06 +0000"
    },
    "done": true
  },
  "incendium:technical/on_player_hurt": {
    "criteria": {
      "log_spam_fixer": "2024-09-26 06:40:29 +0000"
    },
    "done": false
  },
  "valhelsia_furniture:recipes/valhelsia_furniture/dark_oak_desk_drawer": {
    "criteria": {
      "has_dark_oak_planks": "2024-09-26 06:10:14 +0000"
    },
    "done": true
  },
  "valhelsia_furniture:recipes/valhelsia_furniture/light_blue_oak_chair": {
    "criteria": {
      "has_oak_planks": "2024-09-26 05:47:07 +0000"
    },
    "done": true
  },
  "aquaculture:recipes/decorations/jungle_fish_mount": {
    "criteria": {
      "has_items": "2024-09-22 06:06:36 +0000"
    },
    "done": true
  },
  "minecraft:recipes/combat/golden_leggings": {
    "criteria": {
      "has_gold_ingot": "2024-09-26 05:43:56 +0000"
    },
    "done": true
  },
  "valhelsia_furniture:recipes/valhelsia_furniture/green_oak_chair": {
    "criteria": {
      "has_oak_planks": "2024-09-26 05:47:07 +0000"
    },
    "done": true
  },
  "valhelsia_furniture:recipes/valhelsia_furniture/orange_upholstered_dark_oak_chair": {
    "criteria": {
      "has_dark_oak_planks": "2024-09-26 06:10:14 +0000"
    },
    "done": true
  },
  "spartanweaponry:recipes/spartanweaponry.basic/pole_from_string": {
    "criteria": {
      "has_stick": "2024-09-26 05:47:12 +0000"
    },
    "done": true
  },
  "spartanweaponry:recipes/spartanweaponry.basic/golden_parrying_dagger": {
    "criteria": {
      "has_gold_ingot": "2024-09-26 05:43:56 +0000"
    },
    "done": true
  },
  "spartanweaponry:recipes/spartanweaponry.basic/golden_battle_hammer": {
    "criteria": {
      "has_gold_ingot": "2024-09-26 05:43:56 +0000"
    },
    "done": true
  },
  "spartanweaponry:recipes/spartanweaponry.basic/copper_boomerang": {
    "criteria": {
      "has_copper_ingot": "2024-09-26 05:44:18 +0000"
    },
    "done": true
  },
  "spartanweaponry:recipes/spartanweaponry.basic/golden_warhammer": {
    "criteria": {
      "has_gold_ingot": "2024-09-26 05:43:56 +0000"
    },
    "done": true
  },
  "minecraft:recipes/food/cooked_beef_from_campfire_cooking": {
    "criteria": {
      "has_beef": "2024-09-26 05:54:58 +0000"
    },
    "done": true
  },
  "spartanweaponry:recipes/spartanweaponry.basic/wooden_battle_hammer": {
    "criteria": {
      "has_wood": "2024-09-26 05:47:07 +0000"
    },
    "done": true
  },
  "minecraft:recipes/decorations/dark_oak_fence": {
    "criteria": {
      "has_planks": "2024-09-26 06:10:14 +0000"
    },
    "done": true
  },
  "morevillagers:recipes/mining_bench": {
    "criteria": {
      "has_iron_pickaxe": "2024-09-26 06:06:53 +0000"
    },
    "done": true
  },
  "valhelsia_furniture:recipes/valhelsia_furniture/yellow_spruce_table": {
    "criteria": {
      "has_yellow_carpet": "2024-09-26 06:13:32 +0000"
    },
    "done": true
  },
  "minecraft:recipes/decorations/soul_campfire": {
    "criteria": {
      "has_stick": "2024-09-26 05:47:12 +0000"
    },
    "done": true
  },
  "minecraft:story/smelt_iron": {
    "criteria": {
      "iron": "2024-09-26 05:57:50 +0000"
    },
    "done": true
  },
  "valhelsia_furniture:recipes/valhelsia_furniture/yellow_oak_table": {
    "criteria": {
      "has_yellow_carpet": "2024-09-26 06:13:32 +0000"
    },
    "done": true
  },
  "valhelsia_furniture:recipes/valhelsia_furniture/hay_birch_chair": {
    "criteria": {
      "has_hay_block": "2024-09-26 06:11:39 +0000"
    },
    "done": true
  },
  "spartanweaponry:recipes/spartanweaponry.basic/stone_javelin": {
    "criteria": {
      "has_cobblestone": "2024-09-26 05:47:52 +0000"
    },
    "done": true
  },
  "mcwbridges:recipes/bridge_lantern": {
    "criteria": {
      "has_planks": "2024-09-26 05:50:06 +0000"
    },
    "done": true
  },
  "valhelsia_furniture:recipes/valhelsia_furniture/cyan_upholstered_dark_oak_chair": {
    "criteria": {
      "has_dark_oak_planks": "2024-09-26 06:10:14 +0000"
    },
    "done": true
  },
  "repurposed_structures:root": {
    "criteria": {
      "always": "2024-09-22 06:06:36 +0000"
    },
    "done": true
  },
  "spartanweaponry:recipes/spartanweaponry.basic/wooden_halberd": {
    "criteria": {
      "has_wood": "2024-09-26 05:47:07 +0000"
    },
    "done": true
  },
  "spartanweaponry:recipes/spartanweaponry.basic/stone_tomahawk": {
    "criteria": {
      "has_cobblestone": "2024-09-26 05:47:52 +0000"
    },
    "done": true
  },
  "DataVersion": 3120
}